EmployeeID,Age,Department,ZipCode,Salary
10000,47,Engineering,44125,81988
10001,38,Engineering,44123,92519
10002,49,Engineering,44124,59342
10003,39,Sales,44125,60015
10004,35,Customer Support,44125,60991
10005,34,Engineering,44124,73637
10006,55,HR,44124,39495
10007,29,Engineering,44123,79099
10008,40,Engineering,44126,82032
10009,46,Sales,44126,66520
10010,67,Sales,44124,49304
10011,50,Customer Support,44124,62771
10012,70,Engineering,44123,82333
10013,54,Engineering,44126,88780
10014,67,Engineering,44123,61043
10015,66,Customer Support,44122,88530
10016,26,Engineering,44123,86882
10017,56,Engineering,44126,70741
10018,34,Sales,44122,71762
10019,23,Sales,44124,69823
10020,32,Customer Support,44122,76208
10021,59,Engineering,44122,83687
10022,61,Sales,44124,69162
10023,42,Sales,44124,54231
10024,39,Sales,44122,67473
10025,49,Engineering,44126,90051
10026,46,Engineering,44123,49504
10027,39,Sales,44123,42971
10028,25,Engineering,44125,82475
10029,28,Sales,44123,76403
10030,65,HR,44125,91412
10031,72,Engineering,44126,51654
10032,72,Sales,44124,75447
10033,22,Sales,44123,49091
10034,37,Customer Support,44125,100348
10035,54,Customer Support,44123,82352
10036,45,Engineering,44124,68190
10037,49,Sales,44123,85173
10038,28,Customer Support,44125,61956
10039,47,Engineering,44122,79973
10040,65,Customer Support,44123,103720
10041,32,Customer Support,44122,82628
10042,49,Sales,44122,57828
10043,66,Engineering,44125,70466
10044,36,Engineering,44124,38482
10045,29,Engineering,44125,77879
10046,37,Engineering,44123,61775
10047,22,Engineering,44126,60438
10048,62,HR,44125,66900
10049,70,HR,44122,84722
10050,49,HR,44124,38791
10051,53,Engineering,44125,71808
10052,27,Sales,44125,53814
10053,29,Engineering,44122,61787
10054,72,Sales,44122,85499
10055,57,Engineering,44126,77368
10056,23,Engineering,44125,57745
10057,70,Sales,44123,94224
10058,25,Engineering,44124,89018
10059,30,Sales,44125,65751
10060,45,Engineering,44122,80927
10061,39,Sales,44125,75966
10062,26,Customer Support,44122,66338
10063,30,Engineering,44123,81034
10064,72,Sales,44125,83779
10065,54,Sales,44122,72585
10066,36,Sales,44126,73757
10067,41,Sales,44125,80575
10068,47,Customer Support,44124,74281
10069,48,Engineering,44123,92560
10070,60,Engineering,44124,62993
10071,39,HR,44125,88301
10072,65,Sales,44122,57067
10073,40,Engineering,44126,93952
10074,70,Customer Support,44125,62482
10075,32,Customer Support,44125,75907
10076,69,Customer Support,44123,72289
10077,68,Customer Support,44122,90053
10078,54,Engineering,44126,71081
10079,66,Sales,44125,77351
10080,62,Engineering,44123,84094
10081,30,Customer Support,44125,55092
10082,26,Sales,44122,82832
10083,55,HR,44125,100734
10084,23,Customer Support,44125,69768
10085,53,Sales,44126,82297
10086,63,Engineering,44124,60745
10087,33,Engineering,44122,57225
10088,56,Customer Support,44122,67968
10089,30,Engineering,44125,94768
10090,41,HR,44126,72395
10091,54,Customer Support,44123,52232
10092,42,Engineering,44122,76512
10093,72,Customer Support,44123,88041
10094,40,Sales,44124,50711
10095,67,Engineering,44123,85217
10096,30,Engineering,44123,84221
10097,60,HR,44122,69504
10098,61,Engineering,44126,61858
10099,56,HR,44126,90940
10100,53,Sales,44126,88590
10101,74,Sales,44123,87307
10102,58,HR,44122,49656
10103,26,Customer Support,44125,67068
10104,50,HR,44125,78992
10105,35,Engineering,44123,55794
10106,23,Engineering,44126,87900
10107,48,Engineering,44123,36624
10108,43,Engineering,44126,80516
10109,42,Customer Support,44126,60748
10110,64,HR,44124,60712
10111,39,Engineering,44122,78742
10112,69,Customer Support,44123,61770
10113,39,Sales,44124,51663
10114,26,Engineering,44123,77626
10115,32,Engineering,44122,77735
10116,68,Engineering,44123,50062
10117,61,Engineering,44125,82648
10118,57,Customer Support,44124,110850
10119,43,Customer Support,44125,80469
10120,25,Sales,44123,57492
10121,57,Customer Support,44122,77042
10122,39,Engineering,44122,70575
10123,28,Engineering,44126,74386
10124,62,Sales,44122,69982
10125,71,Engineering,44122,41493
10126,23,Engineering,44126,94590
10127,61,Engineering,44124,84888
10128,58,HR,44125,100192
10129,30,Sales,44125,81935
10130,27,Customer Support,44124,79978
10131,59,Engineering,44122,76873
10132,49,Customer Support,44124,73253
10133,51,Engineering,44124,66789
10134,72,Sales,44125,87161
10135,69,Engineering,44126,52522
10136,43,Engineering,44125,78051
10137,45,Customer Support,44124,66869
10138,32,Sales,44122,79966
10139,22,Customer Support,44123,67014
10140,71,Engineering,44122,72914
10141,38,Engineering,44124,78680
10142,45,Customer Support,44124,69313
10143,65,Customer Support,44123,106244
10144,34,Sales,44122,62687
10145,26,Customer Support,44126,73639
10146,56,Engineering,44125,60648
10147,26,Sales,44126,87815
10148,66,Customer Support,44122,49405
10149,56,HR,44124,50041
10150,50,Customer Support,44122,72765
10151,45,Customer Support,44125,68153
10152,39,Customer Support,44122,61774
10153,71,Engineering,44125,82864
10154,43,Sales,44126,48054
10155,66,Customer Support,44123,38959
10156,55,Customer Support,44123,60571
10157,73,Engineering,44123,53233
10158,57,Engineering,44124,75548
10159,36,Engineering,44122,92249
10160,24,Engineering,44122,70940
10161,41,Engineering,44122,74718
10162,41,Engineering,44123,63160
10163,40,HR,44122,86198
10164,70,HR,44124,72672
10165,65,Sales,44123,88489
10166,52,Customer Support,44126,36125
10167,72,HR,44125,71202
10168,73,Customer Support,44123,71144
10169,37,Sales,44123,86236
10170,54,Sales,44125,65835
10171,46,HR,44126,60312
10172,65,Engineering,44122,69072
10173,41,Customer Support,44125,77966
10174,45,Engineering,44126,89725
10175,72,Sales,44126,37200
10176,31,Engineering,44125,72850
10177,29,HR,44125,88897
10178,35,Sales,44124,65209
10179,56,Engineering,44123,75102
10180,34,HR,44124,62841
10181,67,Engineering,44122,78313
10182,72,Sales,44123,63900
10183,49,Sales,44125,60767
10184,64,Customer Support,44124,56554
10185,64,Sales,44124,63489
10186,39,Engineering,44125,64333
10187,39,Customer Support,44123,56768
10188,34,Engineering,44124,55427
10189,33,Engineering,44124,50004
10190,43,Engineering,44123,64469
10191,65,Customer Support,44126,67337
10192,52,Sales,44125,61225
10193,71,Customer Support,44125,69567
10194,39,Sales,44123,47226
10195,49,Sales,44126,79892
10196,60,Engineering,44123,48731
10197,40,Customer Support,44122,72344
10198,23,Engineering,44126,55735
10199,52,Engineering,44126,71222
10200,60,Engineering,44125,81551
10201,52,Customer Support,44123,102620
10202,31,Engineering,44126,62941
10203,48,Engineering,44125,68503
10204,72,Engineering,44125,61536
10205,68,Sales,44126,72986
10206,69,Engineering,44124,65785
10207,69,HR,44125,86035
10208,47,Engineering,44126,66929
10209,51,Customer Support,44123,83382
10210,57,Engineering,44122,85318
10211,42,Engineering,44123,53555
10212,49,Customer Support,44122,76085
10213,26,Customer Support,44124,77641
10214,27,Sales,44125,73407
10215,41,Sales,44123,76194
10216,23,Customer Support,44126,76910
10217,64,Sales,44124,36322
10218,66,Customer Support,44124,71063
10219,43,Customer Support,44123,83254
10220,47,Sales,44124,71596
10221,56,Sales,44126,67015
10222,22,Engineering,44122,63942
10223,29,Customer Support,44126,68738
10224,23,Sales,44124,86512
10225,38,Sales,44122,87860
10226,70,Sales,44126,98304
10227,36,Sales,44122,54908
10228,71,Customer Support,44122,68965
10229,24,Sales,44126,54499
10230,24,Engineering,44125,58948
10231,50,Engineering,44122,58186
10232,57,Engineering,44123,63821
10233,55,Customer Support,44126,98753
10234,65,Customer Support,44123,74562
10235,32,Engineering,44123,69976
10236,65,Sales,44124,66309
10237,70,Customer Support,44125,59651
10238,22,Engineering,44122,80033
10239,55,Engineering,44124,46110
10240,45,Engineering,44125,61512
10241,46,Sales,44122,68657
10242,51,Engineering,44124,83576
10243,33,Engineering,44124,74677
10244,61,Sales,44125,73783
10245,73,Customer Support,44126,69706
10246,67,Engineering,44125,82482
10247,36,Customer Support,44123,90342
10248,42,Customer Support,44122,74405
10249,22,Engineering,44126,68516
10250,23,Engineering,44123,37174
10251,31,Sales,44124,74357
10252,43,Customer Support,44124,68601
10253,60,Sales,44125,96810
10254,61,Customer Support,44126,66701
10255,52,Customer Support,44126,44720
10256,61,Sales,44123,60700
10257,50,HR,44124,91957
10258,27,Customer Support,44126,62540
10259,70,Customer Support,44122,79568
10260,63,Engineering,44122,90897
10261,57,HR,44123,77336
10262,35,HR,44123,87904
10263,36,Engineering,44126,73506
10264,55,Sales,44123,58811
10265,58,Engineering,44123,66897
10266,73,Sales,44124,58779
10267,45,Sales,44126,74153
10268,65,Engineering,44125,66970
10269,52,Customer Support,44124,69773
10270,46,Engineering,44126,57570
10271,48,Sales,44122,59901
10272,52,Customer Support,44124,77266
10273,65,Sales,44123,71693
10274,65,Sales,44124,97039
10275,70,Engineering,44126,84276
10276,25,HR,44126,66656
10277,68,Engineering,44124,77066
10278,38,Engineering,44124,63254
10279,57,Sales,44122,60660
10280,63,HR,44126,81437
10281,23,Engineering,44122,35000
10282,44,Customer Support,44126,57025
10283,53,Sales,44124,57834
10284,74,Sales,44124,66306
10285,25,Engineering,44123,49574
10286,48,Customer Support,44123,35000
10287,27,Engineering,44125,68089
10288,37,Sales,44123,57710
10289,55,Customer Support,44123,61185
10290,68,Customer Support,44122,66793
10291,66,Sales,44124,71087
10292,51,Engineering,44126,68301
10293,56,Customer Support,44122,62038
10294,26,Sales,44124,61858
10295,45,Customer Support,44122,104698
10296,53,Engineering,44126,43659
10297,35,HR,44125,70243
10298,66,Engineering,44125,78236
10299,70,Customer Support,44123,80242
10300,74,Customer Support,44126,70875
10301,37,Engineering,44123,72689
10302,55,Customer Support,44126,73965
10303,39,Sales,44122,76294
10304,27,Sales,44126,75707
10305,57,HR,44125,81703
10306,65,Engineering,44124,70975
10307,62,Engineering,44122,49391
10308,63,HR,44123,54633
10309,64,Sales,44124,76925
10310,44,Sales,44122,55914
10311,68,Customer Support,44125,59064
10312,58,Sales,44124,54247
10313,53,Customer Support,44122,54055
10314,43,Engineering,44126,78367
10315,72,Customer Support,44124,101472
10316,60,Sales,44126,72966
10317,65,Engineering,44125,85590
10318,54,Engineering,44124,96639
10319,47,Customer Support,44126,68683
10320,25,Engineering,44123,83465
10321,36,Engineering,44122,50667
10322,51,Engineering,44124,75115
10323,47,Sales,44125,72805
10324,27,Engineering,44123,82192
10325,73,Engineering,44125,72527
10326,65,Sales,44124,75056
10327,39,Sales,44123,92214
10328,67,Sales,44124,88342
10329,58,Sales,44124,88079
10330,24,HR,44125,35000
10331,28,Customer Support,44125,65701
10332,30,Sales,44124,67182
10333,70,Customer Support,44123,38728
10334,35,Sales,44126,82302
10335,43,Customer Support,44126,61711
10336,71,Customer Support,44125,94800
10337,61,Engineering,44126,71586
10338,31,HR,44122,81565
10339,42,Executive,44125,66804
10340,58,Engineering,44123,69910
10341,63,Engineering,44123,80955
10342,24,Engineering,44124,60376
10343,41,Customer Support,44125,51829
10344,62,Engineering,44122,71557
10345,61,Sales,44122,76860
10346,51,Sales,44123,55841
10347,33,Customer Support,44123,72218
10348,69,Sales,44122,70283
10349,74,Engineering,44122,70704
10350,43,Engineering,44125,51571
10351,53,Engineering,44122,83655
10352,56,Customer Support,44122,57747
10353,61,Engineering,44122,71812
10354,24,Engineering,44126,63932
10355,28,Engineering,44126,104009
10356,74,Customer Support,44122,77116
10357,53,Engineering,44124,82671
10358,40,Engineering,44122,94836
10359,28,Engineering,44123,60591
10360,33,Engineering,44123,83649
10361,23,Engineering,44122,50933
10362,24,Engineering,44125,55861
10363,56,Customer Support,44125,91470
10364,64,Sales,44126,63619
10365,23,Engineering,44124,62635
10366,50,Engineering,44124,82599
10367,74,Engineering,44124,87046
10368,58,Sales,44124,54149
10369,60,Engineering,44123,69145
10370,40,Engineering,44123,71155
10371,35,Customer Support,44123,49126
10372,52,Sales,44124,72712
10373,60,Customer Support,44126,62290
10374,70,Customer Support,44124,69026
10375,22,Engineering,44124,78112
10376,69,Engineering,44126,88963
10377,45,Sales,44125,70778
10378,64,HR,44122,85417
10379,34,Engineering,44125,92095
10380,66,Sales,44124,97983
10381,44,Sales,44126,74662
10382,61,HR,44126,58457
10383,26,Customer Support,44124,72613
10384,56,Customer Support,44124,55501
10385,33,HR,44125,36749
10386,41,Engineering,44123,75489
10387,38,Engineering,44123,71265
10388,74,Sales,44125,52470
10389,73,Engineering,44125,63953
10390,71,Customer Support,44123,71448
10391,66,Customer Support,44125,76508
10392,48,Sales,44122,73635
10393,39,HR,44124,52453
10394,54,Sales,44123,72104
10395,69,Sales,44125,73716
10396,40,Engineering,44123,51162
10397,38,Engineering,44124,77277
10398,41,HR,44126,41800
10399,50,Customer Support,44126,66917
10400,46,Sales,44124,71827
10401,55,Sales,44125,76575
10402,26,Engineering,44123,79594
10403,28,HR,44123,81343
10404,50,Engineering,44124,79636
10405,55,Sales,44125,55721
10406,67,Engineering,44126,58903
10407,65,Sales,44126,46226
10408,69,Sales,44122,62753
10409,40,Sales,44126,75528
10410,38,Engineering,44123,57129
10411,43,Sales,44123,87818
10412,63,Customer Support,44123,77679
10413,26,Engineering,44126,78612
10414,59,HR,44126,35000
10415,63,Engineering,44124,85389
10416,60,Customer Support,44123,85882
10417,59,Engineering,44126,59504
10418,46,HR,44122,73096
10419,43,Customer Support,44122,63076
10420,68,Customer Support,44124,80591
10421,71,Engineering,44122,57382
10422,39,Customer Support,44125,72852
10423,41,Engineering,44125,71971
10424,68,Sales,44124,48378
10425,66,Engineering,44122,77815
10426,39,Sales,44124,72027
10427,50,Sales,44125,59127
10428,61,HR,44125,45392
10429,34,Sales,44122,64313
10430,65,Engineering,44126,53437
10431,29,Engineering,44126,68015
10432,30,Customer Support,44122,76951
10433,27,HR,44123,44939
10434,27,Sales,44124,58123
10435,74,Engineering,44125,100963
10436,27,Engineering,44124,80058
10437,33,Engineering,44125,61502
10438,64,Engineering,44125,59954
10439,44,Customer Support,44123,80302
10440,47,Sales,44122,68614
10441,59,Engineering,44124,64808
10442,22,Engineering,44123,62632
10443,54,Engineering,44126,56609
10444,69,Sales,44122,59595
10445,39,Sales,44124,66920
10446,53,Engineering,44122,62317
10447,32,Engineering,44125,76798
10448,35,Sales,44126,57079
10449,64,Customer Support,44123,86196
10450,53,Customer Support,44123,75243
10451,52,Customer Support,44126,71089
10452,50,Sales,44124,54445
10453,30,Engineering,44126,90468
10454,56,Engineering,44125,62367
10455,70,Sales,44122,60299
10456,35,Engineering,44125,107749
10457,61,Engineering,44122,45815
10458,36,Engineering,44124,53497
10459,43,Sales,44125,72533
10460,30,Sales,44126,63632
10461,74,Customer Support,44125,80649
10462,56,Sales,44125,82549
10463,53,Engineering,44126,78323
10464,53,Engineering,44123,86279
10465,27,Engineering,44124,65734
10466,73,Sales,44125,59951
10467,58,Sales,44123,77676
10468,29,Engineering,44125,79327
10469,70,Engineering,44125,60174
10470,56,Sales,44122,91663
10471,66,Sales,44123,82082
10472,27,Engineering,44124,38768
10473,44,Engineering,44122,66589
10474,35,Engineering,44126,59608
10475,59,HR,44125,98664
10476,30,Engineering,44122,61404
10477,63,Sales,44123,68187
10478,32,Engineering,44125,65449
10479,52,Engineering,44123,48186
10480,74,Engineering,44124,59574
10481,69,Customer Support,44126,83457
10482,55,Engineering,44126,92969
10483,52,Engineering,44125,60525
10484,36,Sales,44122,85092
10485,59,Engineering,44122,49024
10486,65,Engineering,44124,89643
10487,59,Engineering,44125,77714
10488,67,Sales,44125,63454
10489,40,Engineering,44124,86224
10490,32,Engineering,44125,64173
10491,42,Sales,44122,88513
10492,66,Engineering,44124,73651
10493,60,Engineering,44123,64526
10494,35,Sales,44124,51207
10495,34,Engineering,44122,59057
10496,25,Customer Support,44125,89882
10497,32,Engineering,44125,66989
10498,36,Engineering,44126,68988
10499,48,Engineering,44122,78619
10500,29,HR,44122,88848
10501,49,Engineering,44124,79901
10502,48,Customer Support,44126,50584
10503,71,Engineering,44123,48759
10504,41,Engineering,44126,74596
10505,26,HR,44122,85894
10506,70,Engineering,44126,61384
10507,62,Customer Support,44125,84363
10508,59,Engineering,44123,35000
10509,24,Engineering,44126,46695
10510,70,Engineering,44123,46493
10511,50,Engineering,44126,92008
10512,26,Sales,44126,79192
10513,28,Sales,44123,77018
10514,34,Engineering,44125,62518
10515,72,Engineering,44126,80559
10516,58,Customer Support,44123,82174
10517,47,Sales,44125,86009
10518,25,Customer Support,44122,85255
10519,56,Sales,44122,38122
10520,72,Sales,44124,63385
10521,58,Sales,44122,87071
10522,60,Engineering,44124,58835
10523,67,Engineering,44124,100486
10524,55,Sales,44122,71630
10525,25,Sales,44123,73717
10526,29,Engineering,44124,58420
10527,71,Engineering,44124,79869
10528,38,Sales,44122,107796
10529,22,HR,44126,71562
10530,54,Engineering,44126,61204
10531,73,Customer Support,44125,54541
10532,30,Customer Support,44125,49577
10533,32,Sales,44124,80895
10534,24,Engineering,44122,73704
10535,55,Engineering,44125,55226
10536,60,Customer Support,44126,85934
10537,29,Engineering,44122,65048
10538,50,Engineering,44123,57973
10539,36,Sales,44126,56215
10540,70,Engineering,44124,74678
10541,69,HR,44123,67535
10542,43,Engineering,44123,81970
10543,45,HR,44124,77841
10544,57,Sales,44124,80602
10545,35,Sales,44122,81307
10546,57,Sales,44123,88195
10547,61,Customer Support,44123,83718
10548,41,Engineering,44125,59666
10549,45,Sales,44123,52267
10550,59,Engineering,44126,64117
10551,74,Engineering,44126,91497
10552,51,Sales,44123,73878
10553,51,Engineering,44125,54120
10554,60,Engineering,44126,78156
10555,57,Customer Support,44124,84961
10556,68,Engineering,44122,53770
10557,26,Sales,44126,41079
10558,36,Engineering,44125,77730
10559,28,Engineering,44123,75061
10560,58,Engineering,44125,70845
10561,26,Engineering,44122,73079
10562,58,Customer Support,44124,89277
10563,31,Customer Support,44122,76991
10564,33,Customer Support,44122,65956
10565,60,Engineering,44122,55287
10566,33,Executive,44125,74747
10567,40,Customer Support,44125,62233
10568,52,Engineering,44122,78482
10569,46,Sales,44122,65990
10570,49,Customer Support,44126,89127
10571,22,Sales,44125,41893
10572,43,Engineering,44125,61161
10573,24,HR,44123,82293
10574,42,Sales,44122,72778
10575,48,Engineering,44122,52898
10576,56,Sales,44123,67619
10577,33,Engineering,44125,72126
10578,70,Engineering,44122,71621
10579,45,Engineering,44126,50603
10580,37,Customer Support,44124,70947
10581,67,Engineering,44123,69588
10582,68,Sales,44123,84976
10583,66,Engineering,44123,56321
10584,46,Engineering,44124,75737
10585,69,Sales,44126,35109
10586,62,Engineering,44123,102598
10587,49,Engineering,44122,67758
10588,44,Engineering,44126,114838
10589,74,Customer Support,44125,83759
10590,61,Engineering,44123,75159
10591,70,Sales,44123,46669
10592,40,HR,44123,71981
10593,34,Engineering,44124,61838
10594,60,Sales,44122,71705
10595,49,Engineering,44125,83752
10596,30,Sales,44123,107413
10597,30,Sales,44122,62103
10598,64,Sales,44126,92229
10599,55,Engineering,44125,98059
10600,45,Engineering,44126,90600
10601,41,Engineering,44123,35000
10602,55,Customer Support,44123,79371
10603,35,Engineering,44123,46849
10604,36,Sales,44122,59293
10605,66,Engineering,44123,69930
10606,31,Customer Support,44125,52278
10607,24,HR,44123,61876
10608,69,Engineering,44122,83296
10609,74,Sales,44126,80674
10610,35,Engineering,44124,64513
10611,57,Sales,44123,53909
10612,28,Customer Support,44125,83606
10613,30,Sales,44122,83589
10614,41,Sales,44124,62688
10615,29,Engineering,44123,74982
10616,32,Engineering,44125,61986
10617,24,HR,44123,60923
10618,41,HR,44124,70335
10619,48,Customer Support,44122,68612
10620,54,Engineering,44125,66346
10621,69,Sales,44126,76503
10622,64,Sales,44122,54835
10623,28,HR,44125,63605
10624,58,Engineering,44124,67672
10625,49,Sales,44123,64304
10626,23,Sales,44126,93947
10627,64,Engineering,44126,60772
10628,73,Sales,44122,54284
10629,33,Customer Support,44123,57857
10630,65,Engineering,44126,97111
10631,74,Engineering,44124,80344
10632,59,Sales,44125,67475
10633,32,Engineering,44123,55289
10634,51,Sales,44123,93298
10635,52,Customer Support,44124,92924
10636,56,Customer Support,44124,85747
10637,35,Customer Support,44122,53811
10638,29,Engineering,44126,76668
10639,33,Engineering,44122,78932
10640,53,Sales,44124,56941
10641,53,Customer Support,44123,88207
10642,49,Customer Support,44123,71278
10643,41,Engineering,44126,62575
10644,69,Engineering,44122,69615
10645,41,Customer Support,44124,69751
10646,26,Customer Support,44124,57980
10647,39,Customer Support,44123,64402
10648,51,HR,44126,55161
10649,36,Sales,44122,64046
10650,62,Sales,44125,62077
10651,37,Sales,44125,80130
10652,59,Sales,44125,74506
10653,34,Customer Support,44123,72392
10654,74,Customer Support,44123,98196
10655,25,Customer Support,44126,65138
10656,38,Engineering,44125,89259
10657,35,Sales,44123,75291
10658,33,Engineering,44126,62242
10659,26,Engineering,44125,51444
10660,64,HR,44124,46995
10661,54,Customer Support,44126,83205
10662,72,Engineering,44126,54801
10663,67,HR,44122,89651
10664,34,Customer Support,44125,68240
10665,31,HR,44124,56349
10666,62,Sales,44126,70155
10667,47,HR,44126,79747
10668,33,Engineering,44122,48970
10669,53,Engineering,44125,58619
10670,33,Engineering,44123,80022
10671,33,Engineering,44125,72185
10672,26,Customer Support,44122,67381
10673,66,Engineering,44124,43775
10674,59,Engineering,44123,68966
10675,43,Customer Support,44124,59883
10676,50,Sales,44125,72306
10677,32,HR,44122,69758
10678,48,Customer Support,44124,72407
10679,62,HR,44126,58606
10680,42,HR,44125,61835
10681,69,Sales,44123,76587
10682,25,Engineering,44123,36120
10683,30,Sales,44125,71657
10684,31,Sales,44126,81558
10685,61,Customer Support,44125,58147
10686,71,Sales,44124,68354
10687,37,Engineering,44123,59408
10688,52,Engineering,44123,78610
10689,22,Sales,44126,82134
10690,49,Customer Support,44126,53788
10691,51,Sales,44125,48188
10692,67,Sales,44123,51574
10693,39,Customer Support,44123,53471
10694,68,Engineering,44124,81734
10695,56,Sales,44122,71726
10696,34,Engineering,44125,37744
10697,63,Customer Support,44125,69991
10698,55,Engineering,44123,49063
10699,68,Engineering,44122,81972
10700,39,Sales,44125,89296
10701,66,Sales,44124,54162
10702,72,Engineering,44126,76144
10703,58,Sales,44123,84818
10704,48,Sales,44123,46913
10705,55,HR,44125,55727
10706,57,Engineering,44122,50569
10707,70,Sales,44126,55950
10708,43,Sales,44123,67255
10709,55,Engineering,44125,90204
10710,30,Sales,44123,90528
10711,23,Engineering,44126,83089
10712,32,Sales,44125,62343
10713,55,Engineering,44125,69299
10714,68,Sales,44126,36243
10715,51,Engineering,44122,83070
10716,22,Sales,44123,65889
10717,43,Sales,44122,84886
10718,51,Engineering,44123,90782
10719,54,Engineering,44123,82334
10720,34,Engineering,44126,64261
10721,61,Engineering,44125,86422
10722,57,HR,44123,50931
10723,74,Engineering,44124,88688
10724,72,Executive,44124,82176
10725,38,Customer Support,44123,74325
10726,44,Sales,44122,82167
10727,36,HR,44125,78679
10728,27,Engineering,44122,62866
10729,59,Customer Support,44124,64473
10730,32,Customer Support,44125,95727
10731,69,Engineering,44125,67016
10732,35,Engineering,44124,85792
10733,50,Engineering,44126,60670
10734,32,Sales,44125,61934
10735,72,Engineering,44126,98470
10736,63,Customer Support,44125,72636
10737,70,Engineering,44124,68777
10738,32,Sales,44122,35000
10739,30,Customer Support,44124,74676
10740,64,HR,44125,84750
10741,51,Customer Support,44126,83557
10742,29,Engineering,44126,68066
10743,38,Sales,44124,91681
10744,70,Engineering,44123,98482
10745,36,Sales,44122,76184
10746,71,Engineering,44123,59990
10747,43,HR,44125,56148
10748,39,Sales,44123,82775
10749,69,Engineering,44125,60094
10750,68,Engineering,44124,87531
10751,37,Customer Support,44126,35000
10752,46,Sales,44124,69401
10753,60,Engineering,44124,85224
10754,28,Sales,44125,61538
10755,36,Customer Support,44126,85192
10756,23,Sales,44124,52725
10757,61,Sales,44122,91654
10758,29,Engineering,44124,90964
10759,47,Engineering,44125,73588
10760,63,Customer Support,44126,68627
10761,40,Sales,44126,77665
10762,35,Sales,44123,58510
10763,34,Sales,44126,47881
10764,51,Engineering,44124,87114
10765,33,Engineering,44122,75186
10766,55,Engineering,44126,77005
10767,65,Sales,44123,81155
10768,44,Sales,44126,55829
10769,52,Sales,44124,77894
10770,56,Customer Support,44123,55580
10771,68,Sales,44126,58554
10772,74,Engineering,44125,64212
10773,45,Engineering,44125,78630
10774,52,Sales,44123,78296
10775,66,Sales,44126,67246
10776,22,Customer Support,44124,67221
10777,66,Sales,44125,60921
10778,57,Sales,44123,68003
10779,39,Sales,44122,76980
10780,45,Engineering,44126,77794
10781,65,Customer Support,44125,87070
10782,24,Engineering,44126,73916
10783,66,Sales,44122,80116
10784,64,Customer Support,44126,58498
10785,27,HR,44122,64618
10786,36,Engineering,44122,55650
10787,44,Engineering,44123,73660
10788,31,Customer Support,44126,86537
10789,50,Engineering,44125,52448
10790,32,Engineering,44123,81114
10791,54,Sales,44124,82199
10792,64,Sales,44126,85896
10793,52,Customer Support,44122,53986
10794,22,Sales,44126,67047
10795,74,Engineering,44123,62082
10796,52,Sales,44124,60547
10797,48,Engineering,44123,61611
10798,55,Engineering,44124,59265
10799,28,Sales,44122,35000
10800,61,Sales,44125,56749
10801,22,Engineering,44126,79434
10802,74,Sales,44123,88250
10803,72,Sales,44125,58835
10804,65,Engineering,44125,51262
10805,62,Engineering,44126,76685
10806,53,Sales,44126,74549
10807,35,Engineering,44125,64032
10808,53,Customer Support,44123,47692
10809,44,Engineering,44125,55759
10810,23,Engineering,44123,72178
10811,52,Engineering,44126,77188
10812,59,Engineering,44124,63275
10813,43,Customer Support,44123,83343
10814,57,Customer Support,44125,107330
10815,55,Sales,44125,76168
10816,31,Sales,44124,65678
10817,30,Engineering,44122,44140
10818,50,Engineering,44126,75826
10819,37,HR,44123,75430
10820,67,Engineering,44124,60398
10821,33,Sales,44122,57079
10822,29,Engineering,44123,58653
10823,70,Engineering,44126,51475
10824,56,Engineering,44125,88496
10825,63,Engineering,44125,72877
10826,65,Engineering,44122,60655
10827,36,Engineering,44123,60057
10828,63,Engineering,44123,70602
10829,43,Engineering,44126,65500
10830,41,Customer Support,44123,67043
10831,43,Sales,44122,62438
10832,22,Engineering,44126,47309
10833,34,Sales,44124,75332
10834,50,Engineering,44122,56505
10835,36,Sales,44123,73553
10836,50,Sales,44126,78809
10837,47,Customer Support,44124,35000
10838,36,Sales,44124,66550
10839,29,Engineering,44122,50260
10840,68,Sales,44126,56676
10841,66,Sales,44123,62635
10842,34,Sales,44122,54452
10843,33,Sales,44125,46041
10844,45,Customer Support,44124,90282
10845,37,Customer Support,44124,66326
10846,31,HR,44122,93885
10847,32,Customer Support,44124,44110
10848,30,Executive,44124,44434
10849,23,Sales,44126,76010
10850,24,Sales,44124,58119
10851,54,Sales,44122,74472
10852,36,Sales,44122,57971
10853,74,Sales,44125,101672
10854,25,Customer Support,44126,79376
10855,63,Sales,44125,60684
10856,74,Sales,44125,89260
10857,61,Engineering,44123,69767
10858,34,Customer Support,44122,47180
10859,57,Customer Support,44124,49558
10860,36,Engineering,44124,48317
10861,52,Customer Support,44124,83992
10862,35,Sales,44122,64947
10863,63,Sales,44125,61118
10864,71,HR,44126,82859
10865,52,Engineering,44123,76603
10866,62,Engineering,44122,54797
10867,22,Engineering,44124,84439
10868,67,Sales,44123,51442
10869,71,Sales,44124,42739
10870,40,HR,44126,89900
10871,61,Sales,44123,66285
10872,32,HR,44126,83961
10873,74,Engineering,44125,56616
10874,46,Customer Support,44126,79627
10875,62,Customer Support,44125,97381
10876,42,Sales,44126,90850
10877,51,Sales,44126,61347
10878,49,Engineering,44125,68959
10879,57,Engineering,44124,100047
10880,43,Engineering,44125,80605
10881,33,Engineering,44126,68305
10882,30,Engineering,44126,91818
10883,24,Customer Support,44126,45146
10884,68,Sales,44126,64827
10885,31,Engineering,44125,82290
10886,32,Sales,44126,80246
10887,68,Engineering,44126,51949
10888,36,Engineering,44126,75971
10889,51,Engineering,44124,67568
10890,65,Engineering,44125,47616
10891,56,Sales,44124,59645
10892,47,Sales,44125,81618
10893,59,Engineering,44125,65883
10894,61,Customer Support,44125,69038
10895,65,Sales,44126,67264
10896,65,Sales,44124,68948
10897,44,Engineering,44124,55023
10898,54,Sales,44124,77272
10899,45,Engineering,44122,70640
10900,32,Engineering,44126,78620
10901,33,HR,44124,64676
10902,34,Engineering,44124,51958
10903,66,Sales,44125,80392
10904,43,Sales,44126,65433
10905,34,Engineering,44126,80019
10906,65,Sales,44122,63650
10907,31,Executive,44123,81261
10908,35,Engineering,44125,92005
10909,54,Sales,44123,79330
10910,56,Customer Support,44125,67469
10911,45,HR,44125,92600
10912,49,Engineering,44126,87625
10913,38,Sales,44124,74949
10914,41,Engineering,44126,79369
10915,59,Sales,44122,53826
10916,49,Customer Support,44125,55168
10917,59,Customer Support,44123,79173
10918,48,Sales,44123,58149
10919,70,Sales,44125,57141
10920,28,Sales,44124,85656
10921,46,HR,44126,89030
10922,56,Customer Support,44126,78968
10923,71,Engineering,44126,53500
10924,25,Sales,44125,70470
10925,72,Engineering,44122,71484
10926,40,HR,44124,58879
10927,55,HR,44124,78026
10928,74,Sales,44122,69872
10929,30,Engineering,44125,86456
10930,43,Engineering,44123,73642
10931,43,Sales,44122,91600
10932,70,Engineering,44126,59949
10933,30,Sales,44124,75519
10934,42,Customer Support,44124,79553
10935,37,Customer Support,44124,86673
10936,51,Customer Support,44123,66387
10937,31,Engineering,44124,66747
10938,62,HR,44123,41071
10939,28,Customer Support,44122,79608
10940,72,Sales,44125,87863
10941,47,Engineering,44126,95525
10942,28,Customer Support,44122,45091
10943,69,Engineering,44122,74922
10944,54,HR,44124,70197
10945,32,Customer Support,44122,81360
10946,59,Sales,44123,79851
10947,67,Sales,44126,68763
10948,27,Customer Support,44124,55128
10949,23,Sales,44124,38664
10950,41,Customer Support,44122,83310
10951,38,Engineering,44122,53461
10952,74,HR,44123,46723
10953,29,Sales,44122,62033
10954,57,Engineering,44124,94220
10955,51,Customer Support,44125,100821
10956,67,Engineering,44124,93740
10957,25,Customer Support,44122,85536
10958,58,Engineering,44124,62531
10959,49,Sales,44125,62792
10960,51,Customer Support,44124,70601
10961,23,Engineering,44126,67163
10962,69,Engineering,44124,95023
10963,61,Engineering,44126,100185
10964,26,Engineering,44126,36667
10965,67,HR,44123,72373
10966,60,Customer Support,44124,71612
10967,33,Engineering,44125,47787
10968,43,Sales,44123,75569
10969,73,Sales,44126,58725
10970,27,Engineering,44124,75464
10971,46,Sales,44123,52842
10972,43,Engineering,44126,90114
10973,49,Engineering,44122,52671
10974,48,Sales,44126,57551
10975,57,Sales,44124,50615
10976,67,Engineering,44123,78531
10977,33,Engineering,44122,68784
10978,26,Sales,44122,70861
10979,47,Sales,44124,67168
10980,36,Sales,44123,35000
10981,60,Customer Support,44122,66540
10982,52,Engineering,44122,88057
10983,34,Sales,44122,80467
10984,61,HR,44122,64613
10985,30,Sales,44125,65540
10986,43,Customer Support,44125,72789
10987,66,Engineering,44122,90892
10988,55,Engineering,44126,73530
10989,70,Engineering,44122,63791
10990,65,Customer Support,44125,71694
10991,43,Sales,44124,78917
10992,52,Engineering,44126,73621
10993,39,Customer Support,44123,50439
10994,22,Customer Support,44125,56889
10995,29,Engineering,44126,87574
10996,73,Engineering,44124,57474
10997,25,Customer Support,44125,82521
10998,43,HR,44126,70147
10999,48,Customer Support,44124,77491
11000,48,HR,44122,81833
11001,42,Engineering,44123,78839
11002,29,HR,44124,56858
11003,46,Sales,44123,70707
11004,53,Sales,44124,79762
11005,30,Engineering,44125,74628
11006,29,Engineering,44124,69708
11007,22,Sales,44122,85001
11008,39,Sales,44125,77493
11009,46,Sales,44124,102639
11010,55,Engineering,44124,83346
11011,71,Engineering,44125,58854
11012,61,HR,44124,74045
11013,27,Sales,44124,70419
11014,63,Engineering,44122,47878
11015,68,Engineering,44122,71402
11016,26,Sales,44125,67093
11017,27,Customer Support,44123,88633
11018,28,Engineering,44124,84503
11019,30,Customer Support,44126,84205
11020,59,Engineering,44125,87273
11021,71,Engineering,44123,62553
11022,49,Engineering,44125,83939
11023,68,HR,44122,72974
11024,69,Engineering,44125,43955
11025,38,Sales,44124,97994
11026,28,Customer Support,44124,78596
11027,74,Engineering,44122,94046
11028,69,Customer Support,44122,68923
11029,53,Engineering,44122,37471
11030,37,HR,44122,48954
11031,32,Engineering,44124,71761
11032,57,Customer Support,44124,84845
11033,72,Sales,44124,82482
11034,63,Engineering,44125,91463
11035,59,HR,44124,61430
11036,74,Sales,44125,52868
11037,59,HR,44126,77534
11038,45,Engineering,44126,43423
11039,39,Customer Support,44124,73081
11040,48,Sales,44122,67258
11041,37,Engineering,44122,63279
11042,70,Engineering,44126,82544
11043,42,Customer Support,44125,67097
11044,67,Customer Support,44122,74616
11045,53,Customer Support,44123,72229
11046,30,Engineering,44124,62745
11047,53,Sales,44125,69030
11048,62,HR,44126,76529
11049,69,Sales,44125,65135
11050,40,Engineering,44122,100478
11051,63,Engineering,44126,60393
11052,61,Customer Support,44125,40894
11053,73,Engineering,44124,63627
11054,38,Sales,44123,81458
11055,45,Customer Support,44124,72505
11056,56,Engineering,44125,100222
11057,53,Customer Support,44123,82825
11058,24,Sales,44125,83725
11059,29,Sales,44122,74219
11060,39,Engineering,44124,74572
11061,29,Engineering,44125,73587
11062,72,Customer Support,44122,73919
11063,25,Engineering,44124,72419
11064,65,Customer Support,44124,71849
11065,74,Engineering,44125,60940
11066,57,Engineering,44125,79460
11067,55,Customer Support,44124,68794
11068,30,Customer Support,44122,71135
11069,35,Sales,44123,67617
11070,33,Engineering,44122,66327
11071,38,Sales,44125,80532
11072,68,Engineering,44123,60874
11073,23,Engineering,44122,76554
11074,35,Sales,44122,60612
11075,37,Engineering,44125,44843
11076,70,Sales,44126,78374
11077,24,Engineering,44126,61218
11078,37,Engineering,44122,42742
11079,48,Customer Support,44125,79165
11080,56,HR,44123,75174
11081,25,Customer Support,44122,86019
11082,33,Engineering,44123,62568
11083,36,Customer Support,44124,118501
11084,66,Engineering,44122,71074
11085,62,Customer Support,44122,84894
11086,40,Engineering,44124,71819
11087,69,Sales,44126,72358
11088,55,Sales,44123,66948
11089,56,Sales,44124,68011
11090,36,Sales,44123,75305
11091,27,Engineering,44123,71493
11092,23,Engineering,44126,45323
11093,44,Customer Support,44125,73822
11094,72,Engineering,44126,67509
11095,66,Customer Support,44122,84021
11096,59,Engineering,44124,57290
11097,56,Engineering,44122,57610
11098,53,Engineering,44123,49742
11099,26,Engineering,44123,91485
11100,61,Engineering,44122,59641
11101,41,Engineering,44124,56701
11102,70,Engineering,44123,75050
11103,24,Sales,44125,93286
11104,30,Sales,44125,65772
11105,64,Sales,44126,77306
11106,53,Sales,44122,63945
11107,34,Engineering,44122,90334
11108,43,HR,44125,67977
11109,48,Sales,44125,96037
11110,69,Engineering,44126,67462
11111,40,Sales,44124,86006
11112,27,Customer Support,44126,91407
11113,23,Engineering,44126,97025
11114,39,Engineering,44122,65357
11115,57,HR,44124,60159
11116,62,Sales,44126,61833
11117,64,Engineering,44124,89102
11118,63,Sales,44123,64764
11119,41,Engineering,44126,50813
11120,33,Engineering,44126,66228
11121,67,Sales,44124,61625
11122,71,HR,44122,52177
11123,52,Sales,44126,86338
11124,59,Sales,44125,77293
11125,71,Sales,44126,77915
11126,41,Engineering,44122,83057
11127,57,HR,44123,65497
11128,36,Engineering,44126,67957
11129,60,Sales,44123,92667
11130,47,Engineering,44126,65397
11131,28,Sales,44122,85804
11132,61,HR,44123,51571
11133,60,Engineering,44123,88051
11134,63,Sales,44126,79605
11135,32,Engineering,44122,67533
11136,41,Customer Support,44124,53547
11137,36,Engineering,44125,35000
11138,30,Engineering,44125,54667
11139,58,Engineering,44126,46547
11140,73,Customer Support,44123,57302
11141,51,Engineering,44126,45540
11142,70,Customer Support,44126,70584
11143,67,Engineering,44123,56473
11144,56,Sales,44123,70242
11145,72,Engineering,44122,44567
11146,34,Engineering,44123,83526
11147,48,Engineering,44125,77222
11148,69,Engineering,44126,97187
11149,43,Customer Support,44124,49098
11150,68,Engineering,44125,81690
11151,65,HR,44124,84154
11152,72,Sales,44124,69860
11153,22,Engineering,44123,76268
11154,71,Sales,44123,85073
11155,33,Engineering,44124,61725
11156,71,HR,44122,69579
11157,29,HR,44124,85697
11158,44,Sales,44123,55838
11159,37,Engineering,44124,103391
11160,73,Sales,44124,67990
11161,66,Customer Support,44123,70550
11162,67,Engineering,44124,57155
11163,73,Sales,44124,87523
11164,34,Engineering,44125,59420
11165,51,Sales,44123,76629
11166,50,Engineering,44126,65964
11167,61,Engineering,44125,65472
11168,41,Sales,44122,51546
11169,40,Engineering,44125,54568
11170,72,HR,44123,52629
11171,23,Sales,44126,61594
11172,24,SpecialOps,44122,64660
11173,66,Engineering,44122,53326
11174,42,Engineering,44124,61586
11175,39,Sales,44124,52192
11176,35,Customer Support,44123,48355
11177,31,Engineering,44126,79482
11178,36,Sales,44122,61174
11179,70,Engineering,44126,66981
11180,59,Sales,44124,89115
11181,25,Engineering,44122,77768
11182,34,Sales,44126,58820
11183,56,Engineering,44125,86838
11184,23,Engineering,44125,78004
11185,60,HR,44124,108956
11186,41,Engineering,44126,73512
11187,45,Engineering,44126,66632
11188,51,Engineering,44122,66858
11189,36,HR,44122,71847
11190,49,Engineering,44122,59507
11191,30,Engineering,44122,69403
11192,42,HR,44123,56297
11193,70,Engineering,44126,56921
11194,56,Engineering,44125,68873
11195,64,HR,44126,56622
11196,42,Engineering,44123,68213
11197,61,Engineering,44125,67613
11198,48,Engineering,44124,36152
11199,64,Sales,44126,51949
11200,33,Customer Support,44125,79935
11201,43,Sales,44122,63526
11202,47,Sales,44123,76729
11203,65,Sales,44124,61242
11204,42,HR,44125,65423
11205,39,Sales,44124,61687
11206,34,Sales,44123,62404
11207,27,Engineering,44123,56268
11208,69,HR,44125,79725
11209,67,Engineering,44125,54639
11210,33,Customer Support,44125,70298
11211,47,Sales,44123,66641
11212,44,Customer Support,44124,82429
11213,48,Sales,44126,50737
11214,37,Customer Support,44125,81168
11215,60,Sales,44124,68182
11216,33,Customer Support,44122,67989
11217,39,Sales,44125,71947
11218,68,Sales,44122,67152
11219,47,Engineering,44123,83102
11220,68,Engineering,44122,88594
11221,55,Customer Support,44123,80297
11222,45,Sales,44124,91199
11223,64,Sales,44126,83605
11224,30,Engineering,44125,89534
11225,41,Engineering,44123,54600
11226,32,Customer Support,44122,65194
11227,72,Sales,44122,73453
11228,57,Customer Support,44125,76131
11229,54,Engineering,44125,67915
11230,57,Sales,44122,81687
11231,34,HR,44122,74140
11232,31,HR,44125,45921
11233,36,Engineering,44126,72852
11234,47,Sales,44125,109958
11235,62,Sales,44125,59740
11236,39,Sales,44126,65623
11237,65,Customer Support,44124,58537
11238,40,Sales,44124,77215
11239,42,Customer Support,44126,92635
11240,47,Sales,44122,100435
11241,29,HR,44125,71928
11242,42,Customer Support,44126,67965
11243,26,Engineering,44123,65940
11244,72,Sales,44126,59950
11245,38,Customer Support,44122,82260
11246,39,Engineering,44122,64879
11247,49,Sales,44125,67914
11248,57,Sales,44122,53887
11249,61,Sales,44125,97331
11250,62,Engineering,44126,86943
11251,54,Engineering,44125,105415
11252,41,Sales,44122,80801
11253,38,Sales,44123,84116
11254,23,Engineering,44124,72864
11255,52,Sales,44125,63906
11256,35,Sales,44125,72636
11257,64,Sales,44125,38171
11258,58,HR,44123,68989
11259,36,Engineering,44125,58451
11260,54,Customer Support,44122,71076
11261,36,Sales,44123,73807
11262,37,Engineering,44123,52689
11263,32,Customer Support,44123,70870
11264,22,Engineering,44126,70762
11265,67,Sales,44123,55389
11266,64,Customer Support,44125,77195
11267,59,HR,44123,52070
11268,69,Sales,44124,63181
11269,23,Customer Support,44126,71060
11270,66,Customer Support,44123,51397
11271,59,Engineering,44122,74803
11272,68,HR,44122,49379
11273,74,Customer Support,44125,67961
11274,47,Engineering,44124,67073
11275,45,Engineering,44122,69630
11276,36,Sales,44124,86508
11277,50,Engineering,44123,59899
11278,32,Engineering,44122,56452
11279,67,Engineering,44123,97529
11280,50,Sales,44125,75095
11281,70,Customer Support,44125,66345
11282,67,Engineering,44124,101234
11283,27,Sales,44125,80143
11284,47,Sales,44125,86776
11285,28,HR,44122,92426
11286,25,Engineering,44126,78902
11287,39,Sales,44124,59410
11288,60,Engineering,44124,53130
11289,27,Customer Support,44125,83707
11290,41,Engineering,44123,72793
11291,33,Customer Support,44125,63292
11292,25,Sales,44124,61113
11293,38,Customer Support,44125,51406
11294,51,Sales,44126,60662
11295,64,Engineering,44125,79159
11296,64,HR,44126,73065
11297,44,Engineering,44123,86407
11298,57,Engineering,44123,55251
11299,39,Engineering,44126,79165
11300,34,Customer Support,44122,93163
11301,62,Customer Support,44126,64552
11302,72,Customer Support,44126,84649
11303,26,Engineering,44122,106491
11304,26,Engineering,44122,54747
11305,56,Customer Support,44122,62726
11306,44,Sales,44124,76398
11307,40,Customer Support,44123,74707
11308,63,Sales,44126,75260
11309,24,Sales,44124,66700
11310,24,Customer Support,44125,53715
11311,52,Customer Support,44122,35869
11312,62,Customer Support,44123,82201
11313,41,Sales,44125,51591
11314,37,Sales,44126,55707
11315,57,Engineering,44123,55070
11316,30,Customer Support,44122,57723
11317,63,Customer Support,44125,76647
11318,62,Sales,44126,77518
11319,64,Sales,44124,62150
11320,41,Engineering,44123,68152
11321,61,Engineering,44122,69692
11322,57,Sales,44126,35000
11323,74,Engineering,44122,85758
11324,49,Engineering,44123,88841
11325,45,Customer Support,44126,47451
11326,53,Sales,44123,35000
11327,28,Customer Support,44125,83704
11328,43,Sales,44126,81237
11329,25,Engineering,44126,76055
11330,49,Engineering,44125,58589
11331,42,Engineering,44123,92621
11332,70,Engineering,44126,65117
11333,47,HR,44122,80386
11334,30,Sales,44123,78655
11335,74,HR,44126,68265
11336,49,Sales,44126,85167
11337,52,Engineering,44124,53383
11338,65,Engineering,44125,86623
11339,67,Engineering,44126,76173
11340,65,Sales,44124,64184
11341,29,Engineering,44124,77926
11342,61,Sales,44123,69297
11343,55,Engineering,44124,69523
11344,37,Customer Support,44124,61019
11345,24,Sales,44126,48003
11346,61,Customer Support,44126,87907
11347,29,Engineering,44125,75484
11348,74,Sales,44122,97701
11349,28,Sales,44123,62028
11350,59,Sales,44124,78843
11351,38,Sales,44122,87292
11352,39,Engineering,44126,68970
11353,42,HR,44124,64477
11354,47,Engineering,44122,35000
11355,39,Sales,44126,64222
11356,31,Engineering,44123,97017
11357,73,Engineering,44124,56140
11358,49,Customer Support,44122,43756
11359,62,Sales,44124,64371
11360,55,Customer Support,44123,54615
11361,69,Customer Support,44126,77798
11362,38,Engineering,44125,70178
11363,69,Engineering,44123,91268
11364,59,HR,44123,49603
11365,71,Customer Support,44126,90633
11366,67,Engineering,44126,45471
11367,22,HR,44122,45801
11368,52,Customer Support,44124,85551
11369,54,Engineering,44122,64096
11370,29,HR,44122,83648
11371,45,Engineering,44122,74703
11372,69,Sales,44124,41329
11373,41,Engineering,44123,50468
11374,64,Sales,44123,62178
11375,30,Customer Support,44124,79795
11376,27,Sales,44123,61803
11377,28,Engineering,44126,69688
11378,33,Customer Support,44124,106973
11379,30,Sales,44122,75590
11380,37,Sales,44125,72482
11381,56,Sales,44124,89250
11382,40,Customer Support,44125,46513
11383,43,Engineering,44122,71358
11384,50,Customer Support,44122,84378
11385,27,Engineering,44124,75071
11386,53,Sales,44124,54166
11387,62,Sales,44124,98499
11388,66,Engineering,44124,59511
11389,48,Customer Support,44125,64502
11390,24,Sales,44123,59373
11391,53,Customer Support,44125,72788
11392,53,Sales,44124,91432
11393,29,Sales,44124,52413
11394,45,HR,44123,65460
11395,54,Engineering,44125,48486
11396,42,Sales,44126,64311
11397,67,Customer Support,44122,47743
11398,57,Sales,44126,62673
11399,53,HR,44123,80730
11400,35,Engineering,44124,43410
11401,27,Engineering,44122,76255
11402,44,Engineering,44124,63645
11403,60,Sales,44126,37687
11404,43,Engineering,44125,75616
11405,73,Engineering,44122,82863
11406,58,Engineering,44124,66533
11407,47,Engineering,44124,82858
11408,34,Customer Support,44122,86421
11409,47,Customer Support,44125,72152
11410,33,Engineering,44123,63851
11411,60,Engineering,44124,68057
11412,50,Engineering,44124,89753
11413,34,Engineering,44126,80645
11414,64,Sales,44122,78495
11415,30,HR,44123,76501
11416,64,Sales,44126,37534
11417,50,Executive,44124,63263
11418,40,Engineering,44124,80027
11419,57,Customer Support,44123,83687
11420,67,Engineering,44126,88948
11421,53,Customer Support,44125,55631
11422,55,Engineering,44124,56717
11423,50,Sales,44123,73215
11424,59,Engineering,44126,58441
11425,30,Customer Support,44125,50413
11426,23,Sales,44124,57837
11427,29,Sales,44123,68311
11428,25,Sales,44126,82967
11429,66,Customer Support,44123,77000
11430,24,Engineering,44123,59950
11431,26,Engineering,44123,56597
11432,32,Engineering,44125,55835
11433,31,Sales,44126,72665
11434,63,Sales,44125,77657
11435,28,HR,44125,85852
11436,52,Engineering,44126,45557
11437,38,HR,44124,66635
11438,55,Customer Support,44123,56814
11439,57,Engineering,44125,84779
11440,59,Sales,44124,64442
11441,46,Sales,44123,72279
11442,51,HR,44124,71847
11443,36,Sales,44124,59914
11444,26,Customer Support,44124,68559
11445,68,Customer Support,44125,50436
11446,74,HR,44122,62846
11447,47,Sales,44122,65141
11448,45,Sales,44126,73513
11449,25,Engineering,44122,80915
11450,42,Engineering,44122,67373
11451,50,Engineering,44126,71207
11452,56,HR,44122,97639
11453,24,Sales,44125,51239
11454,67,Engineering,44126,70257
11455,74,Sales,44122,76547
11456,57,Customer Support,44124,99217
11457,71,Engineering,44124,60834
11458,41,HR,44123,61969
11459,66,Customer Support,44124,63902
11460,35,Customer Support,44124,52557
11461,25,Engineering,44122,62671
11462,71,Engineering,44126,78316
11463,72,Customer Support,44125,62279
11464,41,Engineering,44122,38230
11465,41,Engineering,44125,86674
11466,66,Engineering,44122,60903
11467,59,Engineering,44125,77185
11468,66,Customer Support,44123,67325
11469,73,Sales,44123,87274
11470,63,Engineering,44122,70197
11471,59,Customer Support,44125,73654
11472,46,Sales,44125,69138
11473,66,Sales,44125,83823
11474,26,Engineering,44124,56647
11475,68,Engineering,44125,67548
11476,22,Sales,44126,81970
11477,72,Sales,44125,67438
11478,66,Engineering,44126,101189
11479,69,Sales,44123,68243
11480,68,Sales,44123,67640
11481,51,Engineering,44123,72703
11482,29,Engineering,44123,88123
11483,53,Engineering,44125,65908
11484,24,Engineering,44124,73722
11485,55,Customer Support,44126,82717
11486,67,Sales,44125,78536
11487,22,Customer Support,44126,58034
11488,49,HR,44125,52850
11489,62,Engineering,44123,67096
11490,45,Sales,44125,78250
11491,32,Sales,44125,53735
11492,68,Engineering,44126,76218
11493,42,Sales,44123,59807
11494,66,HR,44126,108499
11495,74,Engineering,44125,62539
11496,35,Engineering,44124,57031
11497,53,Customer Support,44122,71750
11498,25,Sales,44123,63063
11499,48,Sales,44123,62279
11500,67,Customer Support,44126,49004
11501,33,HR,44125,66912
11502,73,Sales,44126,92434
11503,22,HR,44124,64791
11504,29,Sales,44124,46750
11505,43,Engineering,44125,68056
11506,57,Engineering,44123,56039
11507,47,Engineering,44123,55751
11508,69,Engineering,44123,55892
11509,49,Sales,44124,68051
11510,36,Sales,44123,63598
11511,36,Sales,44124,70928
11512,49,Engineering,44124,75591
11513,49,Sales,44126,93057
11514,36,Customer Support,44122,93098
11515,62,Engineering,44124,59787
11516,42,Engineering,44124,64405
11517,46,Customer Support,44125,56972
11518,44,HR,44122,75631
11519,45,HR,44124,73775
11520,64,Sales,44123,35000
11521,49,Engineering,44124,51520
11522,45,Engineering,44126,48512
11523,71,Sales,44126,68321
11524,31,Engineering,44123,46314
11525,44,Sales,44126,80172
11526,74,Customer Support,44122,49893
11527,62,Sales,44124,62666
11528,24,Engineering,44123,46703
11529,33,Engineering,44122,35000
11530,61,Engineering,44125,66539
11531,56,Sales,44122,99261
11532,61,Engineering,44126,99025
11533,57,HR,44125,58743
11534,34,HR,44126,49630
11535,62,Customer Support,44122,59407
11536,57,Engineering,44125,61757
11537,22,Engineering,44126,74907
11538,49,Sales,44124,85690
11539,24,Engineering,44126,71433
11540,69,Engineering,44122,78484
11541,48,Customer Support,44125,60517
11542,59,HR,44125,60857
11543,73,HR,44123,79138
11544,48,Sales,44125,82397
11545,48,Engineering,44125,71972
11546,55,Executive,44126,70064
11547,37,Customer Support,44123,68812
11548,71,Engineering,44123,60418
11549,63,Sales,44122,96039
11550,41,Engineering,44124,67186
11551,25,Engineering,44123,41385
11552,40,HR,44122,78394
11553,71,Customer Support,44123,71086
11554,56,Sales,44123,72094
11555,37,Engineering,44122,75105
11556,24,Engineering,44124,35983
11557,62,Engineering,44126,57710
11558,38,HR,44126,60390
11559,38,Customer Support,44126,88548
11560,62,Engineering,44126,80131
11561,30,Customer Support,44124,58867
11562,62,Sales,44124,36095
11563,50,Customer Support,44126,61689
11564,26,Customer Support,44125,71310
11565,56,Engineering,44125,84526
11566,42,Engineering,44122,75413
11567,69,Engineering,44126,85824
11568,31,Sales,44124,80498
11569,48,Engineering,44126,60266
11570,29,Sales,44126,73747
11571,70,Engineering,44123,71120
11572,50,Sales,44123,65714
11573,45,Engineering,44123,72542
11574,31,Engineering,44122,76409
11575,58,Customer Support,44126,62319
11576,25,Engineering,44125,68276
11577,67,Sales,44126,112318
11578,69,Sales,44122,84580
11579,22,Engineering,44123,49482
11580,53,Customer Support,44123,59949
11581,73,Customer Support,44126,78729
11582,71,Engineering,44123,60610
11583,64,Sales,44124,47895
11584,33,HR,44122,75296
11585,57,Customer Support,44123,57099
11586,32,Engineering,44122,84140
11587,38,Sales,44123,55885
11588,48,Customer Support,44123,53247
11589,68,Engineering,44122,78296
11590,39,Engineering,44126,67190
11591,73,HR,44125,57544
11592,38,Customer Support,44122,75668
11593,43,HR,44125,71996
11594,55,Customer Support,44124,76103
11595,65,Engineering,44125,95651
11596,37,Sales,44125,56200
11597,48,Engineering,44124,77056
11598,63,Sales,44125,89054
11599,65,Sales,44125,56160
11600,61,Engineering,44122,77172
11601,73,Customer Support,44126,71480
11602,71,Customer Support,44125,44709
11603,33,Customer Support,44124,45237
11604,46,Customer Support,44123,85001
11605,35,Sales,44123,81571
11606,38,Sales,44125,67899
11607,65,Sales,44126,62013
11608,56,HR,44126,59291
11609,57,Sales,44123,78701
11610,38,Engineering,44123,55111
11611,65,Sales,44122,91606
11612,38,Customer Support,44122,91050
11613,53,Engineering,44125,64100
11614,58,Customer Support,44124,57548
11615,23,Customer Support,44124,89883
11616,54,Customer Support,44125,98559
11617,57,Engineering,44122,74023
11618,62,Engineering,44122,63171
11619,37,Sales,44123,110115
11620,66,HR,44122,72572
11621,32,Sales,44122,48647
11622,33,Engineering,44122,74527
11623,61,Customer Support,44125,57391
11624,68,Customer Support,44123,56115
11625,31,Engineering,44122,48029
11626,26,Customer Support,44122,72318
11627,48,Engineering,44126,71255
11628,33,Engineering,44123,82497
11629,68,Engineering,44124,70784
11630,72,Engineering,44126,35000
11631,71,Sales,44123,75424
11632,57,Engineering,44125,42073
11633,30,Sales,44126,104981
11634,52,Customer Support,44125,55864
11635,70,Customer Support,44124,55752
11636,62,Sales,44122,63086
11637,25,Customer Support,44123,48841
11638,59,HR,44122,47149
11639,58,Engineering,44124,86997
11640,64,Customer Support,44125,74796
11641,38,Sales,44125,51081
11642,22,HR,44126,66235
11643,39,Engineering,44124,60733
11644,40,Sales,44122,39992
11645,72,Engineering,44126,90087
11646,69,Engineering,44124,93955
11647,36,HR,44122,69655
11648,43,Customer Support,44126,48508
11649,51,Sales,44126,85528
11650,56,Customer Support,44122,87818
11651,54,HR,44122,48662
11652,61,Engineering,44124,78446
11653,48,Customer Support,44123,67307
11654,38,Engineering,44123,81382
11655,70,Sales,44123,74405
11656,67,Sales,44122,109663
11657,33,Engineering,44125,80586
11658,52,Sales,44123,74386
11659,70,Customer Support,44126,58580
11660,28,Sales,44123,58719
11661,29,Sales,44125,91011
11662,46,Customer Support,44123,66391
11663,41,Customer Support,44125,62749
11664,42,Engineering,44125,75646
11665,36,Engineering,44126,70403
11666,41,Customer Support,44125,78239
11667,51,Engineering,44126,68722
11668,68,Engineering,44122,91094
11669,30,Sales,44126,57450
11670,32,Engineering,44125,73541
11671,23,Engineering,44123,80555
11672,53,Sales,44122,56788
11673,67,Customer Support,44126,81702
11674,69,Customer Support,44124,52340
11675,39,Sales,44124,35000
11676,44,Engineering,44123,86082
11677,48,Engineering,44125,69495
11678,24,Sales,44125,88464
11679,49,Engineering,44124,61287
11680,70,Engineering,44123,61968
11681,65,Customer Support,44125,45285
11682,52,HR,44122,81868
11683,54,Sales,44122,85759
11684,47,Engineering,44123,78044
11685,54,Customer Support,44124,45145
11686,37,Customer Support,44123,94826
11687,64,Sales,44125,69760
11688,39,HR,44122,57655
11689,71,Engineering,44125,56856
11690,72,Customer Support,44123,62853
11691,27,Engineering,44122,80332
11692,45,HR,44125,55884
11693,30,Engineering,44125,101593
11694,26,Sales,44122,55125
11695,29,Engineering,44123,73060
11696,34,Engineering,44123,58310
11697,60,Customer Support,44124,63250
11698,55,Engineering,44122,66991
11699,26,Customer Support,44124,81158
11700,53,Engineering,44124,67363
11701,68,Customer Support,44125,78770
11702,22,Customer Support,44125,61919
11703,53,Engineering,44126,72420
11704,71,Sales,44123,55511
11705,30,Engineering,44124,57015
11706,60,HR,44123,57067
11707,45,Sales,44122,40262
11708,41,Sales,44122,71867
11709,63,Engineering,44123,44291
11710,40,Engineering,44125,58203
11711,41,Engineering,44124,77576
11712,42,Sales,44124,66558
11713,66,Engineering,44124,84289
11714,66,Engineering,44126,78943
11715,32,Customer Support,44123,88708
11716,29,Engineering,44123,56233
11717,25,HR,44123,93854
11718,53,Customer Support,44126,68995
11719,63,Customer Support,44125,69652
11720,57,Customer Support,44124,73910
11721,61,Engineering,44124,72309
11722,58,Sales,44123,86672
11723,40,Engineering,44123,59605
11724,43,Engineering,44126,83159
11725,73,Sales,44125,63565
11726,56,Engineering,44125,82023
11727,55,Engineering,44124,97642
11728,67,Engineering,44122,90534
11729,48,Engineering,44126,100740
11730,57,Engineering,44125,92727
11731,48,Customer Support,44123,73431
11732,43,Engineering,44123,75685
11733,26,Engineering,44123,72761
11734,64,Engineering,44125,91439
11735,50,Sales,44123,71913
11736,31,Engineering,44125,73254
11737,67,Engineering,44125,95297
11738,56,HR,44124,66421
11739,24,Engineering,44126,66447
11740,32,Engineering,44124,79105
11741,30,Engineering,44124,57521
11742,52,Engineering,44124,66217
11743,54,Sales,44124,59617
11744,24,Sales,44124,50476
11745,44,Engineering,44124,59184
11746,61,Sales,44125,45535
11747,42,Sales,44122,91165
11748,62,Engineering,44123,74604
11749,37,Engineering,44122,62957
11750,69,Customer Support,44123,79712
11751,29,Sales,44124,77219
11752,73,HR,44122,56083
11753,48,HR,44122,63671
11754,72,Customer Support,44124,59782
11755,62,Engineering,44126,67309
11756,74,Engineering,44124,58907
11757,33,Customer Support,44122,74820
11758,54,Engineering,44123,39034
11759,32,Customer Support,44123,38708
11760,74,Sales,44122,64175
11761,52,Sales,44126,88328
11762,54,Engineering,44123,70925
11763,25,Engineering,44124,75509
11764,66,Customer Support,44123,77083
11765,67,Engineering,44126,66665
11766,26,Engineering,44123,76889
11767,74,Sales,44126,60044
11768,32,Engineering,44124,80462
11769,62,HR,44125,63999
11770,27,Sales,44125,86743
11771,35,Sales,44124,52344
11772,38,Customer Support,44124,74260
11773,29,Sales,44122,55567
11774,22,Engineering,44123,73676
11775,70,Sales,44123,74663
11776,66,Engineering,44122,60391
11777,44,Sales,44125,73410
11778,24,Sales,44122,107926
11779,35,Sales,44125,60861
11780,33,Engineering,44125,92925
11781,45,Sales,44125,52250
11782,23,Sales,44125,69546
11783,36,Customer Support,44124,73097
11784,26,Sales,44122,98193
11785,56,Sales,44124,48911
11786,30,Sales,44126,50095
11787,53,Customer Support,44122,75915
11788,71,Engineering,44124,82501
11789,31,Engineering,44122,70944
11790,70,Engineering,44126,68612
11791,33,Sales,44124,60481
11792,35,Engineering,44125,80595
11793,63,Customer Support,44123,60367
11794,29,Engineering,44122,81712
11795,44,Customer Support,44122,77175
11796,39,Sales,44123,71565
11797,26,Customer Support,44122,39978
11798,61,Sales,44122,66662
11799,63,Engineering,44122,62480
11800,37,Sales,44126,99956
11801,41,HR,44124,64969
11802,41,Engineering,44123,54044
11803,66,Sales,44126,89375
11804,62,Sales,44126,100321
11805,73,Engineering,44122,82951
11806,44,Engineering,44123,64728
11807,44,Engineering,44125,52781
11808,44,Customer Support,44124,63187
11809,60,Engineering,44123,55563
11810,68,Sales,44124,62779
11811,32,Engineering,44126,78652
11812,64,Sales,44125,52024
11813,70,Sales,44122,71664
11814,61,Customer Support,44124,84468
11815,36,Customer Support,44122,80193
11816,28,Engineering,44126,75249
11817,31,HR,44123,57925
11818,72,Engineering,44126,65931
11819,30,Sales,44124,45463
11820,48,Customer Support,44122,38530
11821,45,Sales,44124,61397
11822,71,Engineering,44122,70861
11823,63,Engineering,44123,68610
11824,63,Sales,44126,48677
11825,50,Customer Support,44122,56524
11826,30,Sales,44123,51520
11827,66,HR,44123,102314
11828,32,Customer Support,44126,81998
11829,41,Sales,44124,45860
11830,37,Engineering,44122,75875
11831,42,Engineering,44126,52902
11832,74,Customer Support,44124,75490
11833,33,Customer Support,44125,46061
11834,57,Engineering,44126,61763
11835,50,Customer Support,44124,53609
11836,39,Sales,44125,66652
11837,74,Sales,44123,69077
11838,49,Sales,44126,103665
11839,36,Engineering,44122,70574
11840,65,Engineering,44126,62595
11841,28,Customer Support,44124,63048
11842,64,Sales,44124,63934
11843,53,Customer Support,44123,59627
11844,55,Sales,44126,62248
11845,34,Customer Support,44125,52823
11846,72,HR,44123,76743
11847,27,Engineering,44123,47105
11848,58,Customer Support,44125,86324
11849,26,Sales,44123,87092
11850,26,Engineering,44124,77323
11851,46,Engineering,44126,90410
11852,64,Customer Support,44123,57707
11853,71,Sales,44123,65717
11854,26,Engineering,44125,77651
11855,37,HR,44123,73259
11856,74,Sales,44122,97388
11857,68,Customer Support,44126,80937
11858,65,Executive,44124,61698
11859,63,HR,44124,78300
11860,64,Engineering,44125,61272
11861,55,Engineering,44123,57720
11862,67,Engineering,44124,54488
11863,47,Customer Support,44126,47032
11864,67,Sales,44123,84417
11865,34,Sales,44123,41063
11866,46,Customer Support,44123,73066
11867,52,Engineering,44124,70167
11868,26,Engineering,44122,71022
11869,64,Engineering,44125,67732
11870,24,Sales,44124,75127
11871,25,Customer Support,44124,67680
11872,30,Customer Support,44123,57928
11873,60,HR,44123,77215
11874,70,Sales,44123,82092
11875,56,Engineering,44122,35000
11876,53,Engineering,44122,45934
11877,30,Engineering,44122,61218
11878,25,Engineering,44124,70932
11879,29,Engineering,44125,59322
11880,59,Sales,44124,101384
11881,48,HR,44122,75134
11882,53,Engineering,44123,93725
11883,74,HR,44126,80754
11884,36,Customer Support,44123,50059
11885,42,Sales,44122,53586
11886,71,Customer Support,44125,66430
11887,44,Engineering,44122,76674
11888,70,Engineering,44125,90280
11889,46,HR,44125,81078
11890,23,Sales,44122,73166
11891,42,HR,44126,75025
11892,25,HR,44122,78259
11893,48,Engineering,44123,64031
11894,28,Sales,44124,40833
11895,38,Customer Support,44122,60817
11896,25,HR,44122,68427
11897,49,Engineering,44126,73540
11898,50,Sales,44125,74127
11899,46,Customer Support,44122,82032
11900,62,Sales,44125,53395
11901,46,HR,44123,78435
11902,35,Customer Support,44124,63407
11903,53,Engineering,44125,61986
11904,38,HR,44123,90846
11905,62,Customer Support,44125,60869
11906,28,Customer Support,44126,86400
11907,58,Sales,44123,65623
11908,44,Sales,44126,91141
11909,59,Sales,44125,63541
11910,42,Customer Support,44126,70378
11911,74,Engineering,44122,86253
11912,25,Customer Support,44122,74943
11913,68,Engineering,44125,78678
11914,62,Sales,44125,83239
11915,58,Customer Support,44123,72133
11916,40,Customer Support,44125,75190
11917,71,Customer Support,44125,87890
11918,57,Engineering,44124,80642
11919,52,Sales,44123,98577
11920,72,Sales,44125,88335
11921,68,Engineering,44122,50715
11922,59,Customer Support,44123,71385
11923,32,Engineering,44123,57831
11924,28,Customer Support,44126,47033
11925,66,HR,44126,86583
11926,55,HR,44125,64841
11927,55,Engineering,44123,64641
11928,22,Engineering,44124,79965
11929,38,Customer Support,44123,75091
11930,68,Customer Support,44123,77920
11931,36,Engineering,44125,64166
11932,55,HR,44123,73788
11933,39,Customer Support,44122,82775
11934,49,Customer Support,44124,79636
11935,65,HR,44126,63749
11936,61,Sales,44125,79012
11937,49,Sales,44124,55375
11938,42,Sales,44122,63646
11939,67,Engineering,44124,80910
11940,71,Engineering,44126,68136
11941,56,Customer Support,44126,55036
11942,50,Engineering,44123,91429
11943,22,Engineering,44125,75603
11944,58,Sales,44122,79099
11945,26,Engineering,44122,42993
11946,57,Sales,44123,52464
11947,63,Customer Support,44124,56619
11948,72,Engineering,44123,57140
11949,42,Sales,44123,83512
11950,27,Engineering,44126,65236
11951,46,Customer Support,44123,90322
11952,70,Engineering,44126,59541
11953,40,Engineering,44125,67565
11954,54,Customer Support,44125,53789
11955,52,Engineering,44126,53044
11956,72,Sales,44124,103492
11957,48,Sales,44125,85946
11958,38,Sales,44126,59060
11959,66,Engineering,44123,60121
11960,42,Engineering,44126,82245
11961,37,Engineering,44123,77132
11962,51,HR,44122,88425
11963,32,Customer Support,44125,57631
11964,36,Customer Support,44123,58618
11965,43,Customer Support,44123,65645
11966,42,Customer Support,44124,62107
11967,36,HR,44123,67940
11968,64,Engineering,44123,70183
11969,39,Engineering,44123,60762
11970,45,Customer Support,44123,60715
11971,49,Engineering,44123,86028
11972,45,Engineering,44124,72253
11973,45,Sales,44125,63699
11974,50,Engineering,44123,67677
11975,25,Engineering,44124,68050
11976,43,HR,44122,72151
11977,35,HR,44126,41237
11978,54,HR,44126,78062
11979,59,Customer Support,44125,55906
11980,63,HR,44125,74511
11981,44,HR,44123,69941
11982,63,Engineering,44125,92084
11983,48,Engineering,44125,54049
11984,36,Engineering,44124,81796
11985,72,Engineering,44122,101705
11986,45,Customer Support,44126,69022
11987,54,Customer Support,44122,67986
11988,68,Engineering,44126,90627
11989,73,HR,44124,59047
11990,41,Engineering,44124,59908
11991,51,Sales,44124,88295
11992,23,Engineering,44124,86872
11993,54,Sales,44126,51387
11994,25,Sales,44124,35000
11995,46,HR,44124,65308
11996,67,Sales,44122,65715
11997,71,Customer Support,44125,57748
11998,47,Engineering,44124,83523
11999,25,Engineering,44123,81793
12000,66,Sales,44123,76582
12001,54,Sales,44123,45811
12002,36,Sales,44123,62015
12003,47,Customer Support,44122,81477
12004,59,Engineering,44126,83295
12005,59,Customer Support,44123,71693
12006,55,Engineering,44123,69469
12007,26,Sales,44124,92895
12008,71,Customer Support,44122,77360
12009,59,Engineering,44124,98719
12010,54,Engineering,44123,74869
12011,26,Sales,44123,65024
12012,55,Engineering,44123,66152
12013,53,HR,44126,78580
12014,35,Customer Support,44126,61121
12015,74,Sales,44123,67553
12016,72,Customer Support,44124,88248
12017,51,Customer Support,44125,50950
12018,40,Engineering,44124,67848
12019,39,Engineering,44123,59302
12020,57,Sales,44123,44813
12021,59,HR,44122,60122
12022,31,Sales,44125,77241
12023,31,Customer Support,44122,81039
12024,33,Sales,44126,67996
12025,54,Customer Support,44124,56867
12026,72,Engineering,44123,90575
12027,38,Customer Support,44125,55402
12028,47,Engineering,44122,67930
12029,64,Engineering,44126,51879
12030,65,Sales,44123,47457
12031,34,Engineering,44122,73359
12032,46,HR,44123,71059
12033,26,Sales,44123,83672
12034,73,Engineering,44122,57473
12035,44,Customer Support,44124,56945
12036,45,HR,44124,70895
12037,62,Customer Support,44125,91230
12038,64,Sales,44122,88891
12039,73,Engineering,44122,49448
12040,57,HR,44123,67940
12041,31,Customer Support,44126,85401
12042,72,Sales,44122,80052
12043,56,HR,44125,54376
12044,33,Engineering,44126,94052
12045,47,Customer Support,44123,59967
12046,74,Engineering,44125,66266
12047,69,Sales,44122,71985
12048,62,Engineering,44125,92661
12049,73,Customer Support,44123,67006
12050,54,Customer Support,44124,79950
12051,48,Engineering,44125,55642
12052,48,Engineering,44122,82565
12053,46,HR,44122,85349
12054,50,Sales,44124,40995
12055,48,HR,44125,76520
12056,30,Engineering,44123,55609
12057,24,Engineering,44124,74387
12058,43,Sales,44122,51582
12059,31,Engineering,44122,72554
12060,74,HR,44123,80312
12061,58,Engineering,44123,73525
12062,60,Customer Support,44124,68037
12063,69,Engineering,44122,62922
12064,58,Sales,44122,69783
12065,74,Engineering,44123,52976
12066,71,Engineering,44123,53764
12067,46,Engineering,44125,92700
12068,67,HR,44124,52438
12069,30,Sales,44125,45474
12070,35,Sales,44122,69996
12071,34,Engineering,44125,73683
12072,70,Sales,44122,69528
12073,47,Customer Support,44125,79586
12074,39,Sales,44124,77531
12075,51,HR,44125,86682
12076,54,Engineering,44123,51631
12077,35,Sales,44124,83005
12078,24,Engineering,44123,73343
12079,68,Engineering,44126,73557
12080,46,Engineering,44125,45237
12081,68,Engineering,44126,61997
12082,71,Engineering,44125,79442
12083,59,Engineering,44123,88691
12084,34,HR,44123,65941
12085,36,Sales,44125,65686
12086,37,Engineering,44122,76811
12087,29,Engineering,44124,69834
12088,41,Engineering,44125,78341
12089,50,Customer Support,44126,74163
12090,27,HR,44126,70869
12091,59,Engineering,44123,71338
12092,24,Customer Support,44124,82807
12093,34,Engineering,44125,54498
12094,28,Engineering,44123,45446
12095,41,Sales,44126,56557
12096,59,Engineering,44123,96135
12097,45,Sales,44122,73514
12098,40,Customer Support,44122,88745
12099,73,Sales,44126,92746
12100,66,Engineering,44123,88573
12101,42,Sales,44124,64099
12102,51,HR,44123,64850
12103,54,Engineering,44123,61403
12104,37,Customer Support,44122,46511
12105,28,Sales,44124,81945
12106,72,HR,44122,96487
12107,42,Sales,44124,94313
12108,71,HR,44123,79481
12109,56,Customer Support,44122,85097
12110,69,Engineering,44124,80149
12111,60,Engineering,44126,89622
12112,67,Engineering,44126,74823
12113,39,Customer Support,44124,53680
12114,57,Engineering,44122,65610
12115,65,HR,44123,66711
12116,46,Engineering,44126,75065
12117,37,Engineering,44124,89730
12118,62,Sales,44122,84318
12119,70,Sales,44125,56292
12120,66,Engineering,44126,81095
12121,23,Customer Support,44125,64992
12122,26,Customer Support,44123,70156
12123,71,Sales,44122,71350
12124,35,Engineering,44122,73459
12125,71,Engineering,44126,59504
12126,43,Sales,44123,80470
12127,28,Engineering,44124,70215
12128,57,Engineering,44125,90268
12129,57,Engineering,44122,75232
12130,59,Sales,44125,59575
12131,74,Customer Support,44125,79334
12132,54,Engineering,44125,62484
12133,74,Engineering,44125,98112
12134,71,Engineering,44123,60739
12135,72,Sales,44123,88597
12136,47,Engineering,44125,36822
12137,49,Engineering,44126,84596
12138,41,Sales,44122,61464
12139,43,Customer Support,44123,85125
12140,24,Sales,44122,66514
12141,24,Customer Support,44122,69495
12142,65,Customer Support,44122,76095
12143,54,Customer Support,44122,51859
12144,49,Sales,44125,71101
12145,44,Sales,44125,61535
12146,41,Engineering,44123,66720
12147,38,Customer Support,44122,69901
12148,25,Engineering,44123,88403
12149,44,Engineering,44122,80230
12150,45,Engineering,44122,66362
12151,70,Engineering,44122,67902
12152,49,Customer Support,44122,75537
12153,66,HR,44126,64669
12154,31,Sales,44125,66621
12155,60,Customer Support,44122,73393
12156,33,Engineering,44123,70869
12157,29,Sales,44122,66549
12158,31,Customer Support,44122,86748
12159,27,Customer Support,44124,49439
12160,57,HR,44125,69712
12161,66,HR,44125,72113
12162,50,Engineering,44122,76460
12163,41,Customer Support,44122,87531
12164,32,HR,44122,49287
12165,57,Sales,44126,83641
12166,43,Engineering,44122,68280
12167,33,HR,44123,61263
12168,28,Engineering,44125,71137
12169,37,Customer Support,44123,73812
12170,36,Customer Support,44125,90207
12171,28,Engineering,44122,67737
12172,30,Customer Support,44125,56571
12173,22,HR,44125,56505
12174,60,HR,44126,59996
12175,52,Sales,44125,78448
12176,73,Engineering,44125,80926
12177,35,HR,44126,77578
12178,24,Customer Support,44122,79391
12179,64,HR,44125,44601
12180,62,Engineering,44124,63645
12181,53,Engineering,44124,67651
12182,32,Customer Support,44124,73838
12183,67,Sales,44122,55492
12184,40,Engineering,44126,56797
12185,40,Sales,44123,92107
12186,59,Sales,44124,35000
12187,43,Engineering,44125,72877
12188,57,HR,44126,61067
12189,73,Engineering,44125,61156
12190,45,Customer Support,44126,69073
12191,37,Customer Support,44123,88918
12192,68,Sales,44122,65902
12193,31,Engineering,44122,42854
12194,61,Sales,44124,79463
12195,51,SpecialOps,44126,68664
12196,28,Sales,44123,71195
12197,27,Engineering,44125,69490
12198,36,Engineering,44123,86360
12199,42,Engineering,44123,92959
12200,58,Sales,44122,73536
12201,68,Engineering,44122,47104
12202,27,Sales,44122,42063
12203,49,Engineering,44123,59644
12204,57,Customer Support,44123,59596
12205,34,Engineering,44123,54467
12206,67,Customer Support,44122,67787
12207,25,Customer Support,44122,82268
12208,44,Sales,44122,83447
12209,72,Engineering,44124,72104
12210,44,Engineering,44123,53830
12211,73,Customer Support,44124,50639
12212,52,Sales,44123,68868
12213,68,HR,44125,51386
12214,30,Sales,44122,83374
12215,24,Engineering,44123,61224
12216,39,HR,44125,79509
12217,50,Sales,44124,73407
12218,52,Customer Support,44125,84022
12219,23,Customer Support,44123,56666
12220,41,Engineering,44126,58218
12221,22,Sales,44126,81881
12222,57,HR,44126,75990
12223,52,Sales,44126,64640
12224,24,Sales,44122,99546
12225,54,Engineering,44126,80229
12226,69,Customer Support,44125,68381
12227,33,Sales,44126,40639
12228,65,Customer Support,44124,38841
12229,25,Engineering,44122,37919
12230,57,Engineering,44125,85732
12231,24,Sales,44126,80447
12232,37,Customer Support,44123,35000
12233,73,Customer Support,44124,66683
12234,40,Sales,44122,63840
12235,34,Engineering,44123,75353
12236,24,Customer Support,44123,83038
12237,46,Sales,44123,111434
12238,26,Sales,44126,74172
12239,43,HR,44125,80709
12240,69,Engineering,44122,76885
12241,33,Customer Support,44122,85010
12242,44,Sales,44126,46623
12243,37,Customer Support,44122,75529
12244,70,Sales,44123,60422
12245,47,Sales,44125,84169
12246,25,HR,44126,66421
12247,66,Sales,44124,58004
12248,54,Engineering,44123,87972
12249,73,Sales,44126,64628
12250,48,Customer Support,44123,68541
12251,49,Sales,44123,66577
12252,56,Engineering,44122,72600
12253,24,Sales,44123,82575
12254,69,Sales,44123,68255
12255,41,Engineering,44123,65298
12256,59,Engineering,44123,66774
12257,43,Engineering,44125,56661
12258,58,Sales,44123,74586
12259,30,Engineering,44124,103816
12260,37,Customer Support,44126,78667
12261,66,Sales,44126,82413
12262,27,Customer Support,44123,96548
12263,43,Customer Support,44122,75284
12264,61,Customer Support,44125,73946
12265,36,Sales,44122,92783
12266,48,Sales,44125,70301
12267,49,Engineering,44126,76317
12268,54,Engineering,44126,69562
12269,48,HR,44122,85208
12270,70,Customer Support,44126,62769
12271,50,HR,44122,63642
12272,60,Engineering,44125,78785
12273,49,Customer Support,44124,78370
12274,26,HR,44124,76813
12275,68,HR,44124,87245
12276,24,Sales,44122,59368
12277,35,Engineering,44126,67023
12278,34,Customer Support,44125,38893
12279,61,Engineering,44124,58713
12280,55,Sales,44125,63538
12281,28,Sales,44124,58722
12282,48,Engineering,44123,64664
12283,35,Sales,44126,65003
12284,61,Engineering,44126,59548
12285,48,Sales,44122,54274
12286,54,Sales,44122,77063
12287,39,Sales,44123,58383
12288,56,Customer Support,44126,59653
12289,44,Customer Support,44123,72567
12290,68,Engineering,44124,63108
12291,55,Engineering,44125,70159
12292,57,Engineering,44123,53182
12293,52,Engineering,44125,74560
12294,67,Sales,44125,55056
12295,35,Sales,44122,73432
12296,67,Sales,44124,58321
12297,26,Sales,44123,98129
12298,45,HR,44122,65092
12299,46,Sales,44125,90939
12300,35,Customer Support,44124,66794
12301,30,HR,44124,63151
12302,68,Engineering,44126,93802
12303,28,Sales,44125,93096
12304,38,Engineering,44123,72942
12305,69,Engineering,44123,65738
12306,62,Engineering,44124,100896
12307,27,Engineering,44125,69699
12308,47,Sales,44125,70002
12309,54,Sales,44123,39457
12310,65,Engineering,44123,80177
12311,68,Engineering,44122,82426
12312,69,Sales,44122,63061
12313,55,Engineering,44124,62300
12314,52,Sales,44124,44036
12315,40,Engineering,44125,76921
12316,26,Sales,44122,45823
12317,37,HR,44126,47463
12318,68,HR,44122,60962
12319,50,Engineering,44122,86935
12320,57,Sales,44126,57669
12321,47,Customer Support,44123,69485
12322,57,Customer Support,44122,89456
12323,43,Sales,44124,83802
12324,25,Engineering,44123,73956
12325,47,Customer Support,44126,47128
12326,24,HR,44122,67846
12327,70,Customer Support,44123,84604
12328,35,Sales,44124,90169
12329,24,Engineering,44125,60805
12330,60,HR,44126,70485
12331,63,Sales,44126,98091
12332,62,Engineering,44126,81644
12333,66,Engineering,44122,65824
12334,25,Customer Support,44122,69701
12335,39,Engineering,44125,74297
12336,38,HR,44126,67799
12337,50,Engineering,44126,67276
12338,39,Sales,44122,65224
12339,41,HR,44125,58103
12340,29,Sales,44122,48840
12341,35,Engineering,44123,69784
12342,47,Sales,44123,94477
12343,25,Engineering,44124,64611
12344,34,Engineering,44124,79871
12345,72,Sales,44124,64349
12346,35,Customer Support,44122,54578
12347,42,HR,44125,68654
12348,35,Sales,44122,72435
12349,66,Engineering,44122,59796
12350,64,Sales,44126,73487
12351,29,Engineering,44122,52336
12352,33,HR,44124,50867
12353,71,Customer Support,44126,53342
12354,46,Sales,44122,80612
12355,41,Engineering,44124,66486
12356,72,Sales,44123,66927
12357,49,Sales,44125,95250
12358,63,HR,44123,45630
12359,73,Engineering,44125,40231
12360,48,Sales,44122,92256
12361,39,Engineering,44122,62894
12362,29,Engineering,44126,68882
12363,51,Engineering,44125,78756
12364,60,Engineering,44123,76676
12365,22,Sales,44122,70901
12366,49,Sales,44126,89546
12367,28,Engineering,44124,50546
12368,43,Sales,44125,75920
12369,45,Customer Support,44126,88870
12370,51,Engineering,44124,60199
12371,61,Sales,44124,52172
12372,61,Customer Support,44124,103185
12373,27,Engineering,44122,55940
12374,50,Engineering,44123,61964
12375,59,Sales,44122,72619
12376,62,Sales,44125,83237
12377,73,Engineering,44122,80102
12378,73,Engineering,44125,45290
12379,36,Sales,44124,64387
12380,35,Engineering,44124,61040
12381,65,Customer Support,44126,74166
12382,36,Engineering,44122,72967
12383,40,Customer Support,44123,54720
12384,58,Customer Support,44123,76359
12385,25,Engineering,44126,49207
12386,26,Customer Support,44122,72387
12387,51,Engineering,44124,88810
12388,38,Engineering,44123,55487
12389,45,Sales,44126,51357
12390,68,Customer Support,44123,68038
12391,23,Customer Support,44123,62570
12392,72,Engineering,44126,80916
12393,68,Customer Support,44123,96788
12394,57,Sales,44125,41204
12395,35,Engineering,44124,35000
12396,40,Customer Support,44125,66616
12397,49,Customer Support,44123,49270
12398,62,HR,44123,101674
12399,48,Engineering,44124,41610
12400,61,Customer Support,44122,91794
12401,46,Customer Support,44123,78222
12402,59,Customer Support,44122,75690
12403,70,Customer Support,44126,49305
12404,30,Customer Support,44122,54041
12405,28,Sales,44125,82259
12406,60,Customer Support,44125,87901
12407,35,Customer Support,44124,91961
12408,42,Engineering,44126,97761
12409,57,Sales,44125,76269
12410,60,Sales,44122,105118
12411,38,Engineering,44126,73111
12412,27,HR,44124,67602
12413,64,Customer Support,44122,35000
12414,50,Sales,44126,66961
12415,62,Engineering,44126,88135
12416,29,Engineering,44123,61694
12417,74,Engineering,44123,73917
12418,32,Sales,44126,70845
12419,58,Engineering,44122,74330
12420,53,Engineering,44125,79066
12421,27,Sales,44123,88136
12422,65,Sales,44124,54621
12423,67,Customer Support,44122,47721
12424,51,Customer Support,44125,58117
12425,38,Engineering,44124,80835
12426,50,Customer Support,44126,79439
12427,63,HR,44124,35000
12428,69,Sales,44123,85251
12429,52,Customer Support,44123,81609
12430,66,Engineering,44124,59733
12431,68,Engineering,44124,73938
12432,23,Sales,44124,35000
12433,37,Engineering,44124,81158
12434,35,Engineering,44124,74711
12435,56,Sales,44123,89698
12436,69,Customer Support,44125,89196
12437,68,Engineering,44122,78818
12438,59,Engineering,44123,87608
12439,51,Sales,44123,39485
12440,67,HR,44125,68889
12441,40,Engineering,44125,60778
12442,49,Customer Support,44123,79842
12443,28,Engineering,44126,80187
12444,59,Customer Support,44122,66564
12445,22,Engineering,44125,57720
12446,72,Sales,44124,86949
12447,47,Engineering,44125,65043
12448,29,Engineering,44126,65411
12449,27,Engineering,44124,82041
12450,53,Sales,44125,54626
12451,52,Customer Support,44123,67405
12452,36,Engineering,44126,103806
12453,50,Sales,44126,69565
12454,71,Engineering,44126,91597
12455,25,Customer Support,44125,67240
12456,28,Sales,44126,71290
12457,60,Engineering,44123,78023
12458,73,Engineering,44126,64891
12459,27,Engineering,44126,64074
12460,42,Engineering,44122,71959
12461,51,Engineering,44123,72881
12462,62,HR,44125,67754
12463,63,Customer Support,44126,59267
12464,37,Customer Support,44123,50310
12465,59,Sales,44126,59839
12466,36,Customer Support,44126,70112
12467,36,Engineering,44123,36654
12468,60,Customer Support,44125,69269
12469,43,Engineering,44124,56607
12470,58,Sales,44122,77566
12471,71,Engineering,44126,60105
12472,25,Sales,44123,73842
12473,39,Customer Support,44122,85152
12474,64,Engineering,44123,69806
12475,59,Sales,44123,100950
12476,59,HR,44124,48806
12477,45,Sales,44125,86326
12478,67,Engineering,44123,71400
12479,27,Engineering,44126,54047
12480,58,Customer Support,44124,89918
12481,68,Engineering,44125,80441
12482,38,Sales,44123,89501
12483,28,Sales,44124,61241
12484,49,Sales,44122,80076
12485,74,Sales,44123,65265
12486,27,Customer Support,44125,75612
12487,61,Engineering,44124,55605
12488,51,Engineering,44122,89830
12489,50,Sales,44124,68236
12490,38,Engineering,44125,60993
12491,39,Engineering,44123,90081
12492,30,Sales,44124,68214
12493,39,Engineering,44124,96864
12494,73,Engineering,44125,99974
12495,30,Sales,44125,61866
12496,70,Engineering,44124,70620
12497,63,Customer Support,44122,66634
12498,74,Engineering,44124,58064
12499,40,Engineering,44122,61917
12500,55,Engineering,44122,59264
12501,61,HR,44126,52754
12502,25,Engineering,44125,55712
12503,38,HR,44126,82779
12504,58,Customer Support,44124,68957
12505,57,Sales,44125,59748
12506,46,Customer Support,44122,62232
12507,73,HR,44124,78313
12508,69,Customer Support,44123,46786
12509,33,Sales,44125,58746
12510,55,Sales,44124,83194
12511,23,Customer Support,44124,73706
12512,52,Engineering,44123,51198
12513,70,Customer Support,44126,82513
12514,65,Engineering,44125,53525
12515,48,Sales,44125,51903
12516,37,Sales,44125,105265
12517,60,Sales,44122,70828
12518,67,Engineering,44124,72504
12519,68,Executive,44126,86981
12520,37,HR,44125,57777
12521,73,Sales,44123,71247
12522,67,Sales,44126,49780
12523,50,Customer Support,44124,73695
12524,54,Engineering,44124,35000
12525,22,HR,44125,85737
12526,48,Sales,44122,51601
12527,25,Engineering,44124,99460
12528,35,Customer Support,44125,48869
12529,36,Sales,44122,46097
12530,50,Customer Support,44122,84167
12531,54,Engineering,44125,61544
12532,46,Engineering,44123,56619
12533,39,Customer Support,44124,67388
12534,62,HR,44122,52571
12535,36,Engineering,44126,72912
12536,36,Engineering,44124,53874
12537,72,Customer Support,44122,46932
12538,45,Engineering,44123,83887
12539,36,Sales,44124,102998
12540,63,Sales,44122,59202
12541,62,Engineering,44123,74819
12542,56,Customer Support,44126,77542
12543,68,Sales,44125,92719
12544,48,Customer Support,44123,46844
12545,54,Customer Support,44124,82290
12546,40,Engineering,44125,74057
12547,73,Sales,44125,77339
12548,42,HR,44123,81725
12549,35,Engineering,44122,71300
12550,47,Customer Support,44124,70730
12551,27,HR,44122,64135
12552,33,Customer Support,44124,52364
12553,45,Engineering,44125,71584
12554,63,Engineering,44123,50085
12555,45,Engineering,44124,62822
12556,26,Engineering,44123,76085
12557,64,Engineering,44123,46859
12558,70,HR,44126,54396
12559,65,Sales,44123,89579
12560,31,Engineering,44125,69910
12561,37,HR,44123,39283
12562,62,Engineering,44124,72189
12563,46,Engineering,44125,63129
12564,36,Engineering,44124,82655
12565,50,Engineering,44124,70963
12566,28,Engineering,44126,57231
12567,72,Engineering,44126,72998
12568,28,Customer Support,44125,68376
12569,66,Engineering,44123,63205
12570,74,Customer Support,44125,55901
12571,45,Engineering,44125,80814
12572,23,Sales,44126,61112
12573,64,Sales,44123,63460
12574,53,Engineering,44123,56718
12575,54,Engineering,44123,63330
12576,69,Sales,44122,60118
12577,52,Sales,44125,66796
12578,23,Engineering,44125,56931
12579,25,Engineering,44125,64649
12580,74,Sales,44124,73105
12581,35,Customer Support,44123,97309
12582,72,Customer Support,44126,64967
12583,72,Customer Support,44122,70473
12584,40,Sales,44123,79500
12585,67,HR,44126,80935
12586,44,HR,44123,65566
12587,62,Sales,44123,62940
12588,51,Engineering,44123,82719
12589,28,Engineering,44126,97874
12590,33,Engineering,44124,35000
12591,27,Sales,44126,89638
12592,69,Customer Support,44125,51032
12593,42,Engineering,44126,67031
12594,45,Engineering,44125,75717
12595,33,HR,44125,69654
12596,31,Sales,44124,91784
12597,34,Sales,44123,63237
12598,60,HR,44122,69533
12599,34,Sales,44122,46139
12600,66,Engineering,44124,76414
12601,72,Sales,44125,89525
12602,73,Sales,44125,50174
12603,44,Customer Support,44125,80774
12604,53,Sales,44126,74961
12605,25,Sales,44124,71709
12606,72,Customer Support,44124,59259
12607,41,Engineering,44123,79435
12608,52,Customer Support,44122,92043
12609,30,Customer Support,44125,73956
12610,42,Customer Support,44125,64710
12611,40,Engineering,44124,55525
12612,60,Customer Support,44125,54741
12613,67,Sales,44123,74973
12614,31,Engineering,44125,69057
12615,71,Sales,44124,74758
12616,40,Engineering,44123,75576
12617,65,Engineering,44124,48565
12618,54,Sales,44123,87877
12619,55,Customer Support,44122,67592
12620,69,Engineering,44126,74139
12621,50,Engineering,44122,84438
12622,31,Engineering,44126,76655
12623,62,Sales,44126,71238
12624,22,Engineering,44125,93720
12625,50,Sales,44123,65952
12626,66,Sales,44124,61316
12627,59,Customer Support,44123,77224
12628,32,Sales,44123,72328
12629,47,Engineering,44122,64910
12630,27,HR,44126,94648
12631,24,Sales,44124,73514
12632,64,Customer Support,44123,57979
12633,30,Sales,44124,39969
12634,25,Customer Support,44122,63702
12635,23,HR,44122,54151
12636,71,Engineering,44126,53902
12637,53,Engineering,44122,92266
12638,69,Engineering,44125,68512
12639,68,Engineering,44126,74646
12640,52,Engineering,44122,60954
12641,35,Sales,44126,59021
12642,31,Engineering,44122,67603
12643,63,Customer Support,44124,68572
12644,61,Sales,44123,78745
12645,67,HR,44126,100739
12646,27,Engineering,44123,63857
12647,59,Engineering,44124,63174
12648,31,Sales,44125,81877
12649,61,Engineering,44122,96409
12650,74,Customer Support,44125,77017
12651,74,Sales,44122,81538
12652,46,Engineering,44123,75477
12653,47,Sales,44123,75152
12654,22,Sales,44124,68183
12655,57,Customer Support,44122,65751
12656,30,Sales,44123,64983
12657,28,Sales,44123,89052
12658,53,Customer Support,44126,53196
12659,73,Engineering,44122,78725
12660,37,Sales,44126,86430
12661,68,Sales,44125,71338
12662,29,Customer Support,44124,82263
12663,29,Engineering,44122,52798
12664,67,Engineering,44124,71504
12665,48,Sales,44123,79554
12666,58,Sales,44123,91796
12667,30,Sales,44125,78742
12668,74,Sales,44122,82564
12669,66,Engineering,44123,69968
12670,52,HR,44122,78991
12671,60,Customer Support,44126,59491
12672,56,Customer Support,44125,58565
12673,52,Customer Support,44126,64003
12674,73,Sales,44122,74146
12675,46,Sales,44125,68046
12676,45,Engineering,44124,92808
12677,40,Sales,44123,47490
12678,68,Sales,44124,80802
12679,49,Customer Support,44125,62750
12680,43,Engineering,44123,59585
12681,54,Customer Support,44123,79379
12682,44,Engineering,44122,82742
12683,47,Engineering,44123,75877
12684,33,Engineering,44124,89265
12685,51,Customer Support,44124,66953
12686,73,HR,44126,67455
12687,64,Engineering,44123,98348
12688,57,Sales,44122,73401
12689,53,Engineering,44126,70682
12690,52,Engineering,44123,83611
12691,33,Sales,44123,80686
12692,52,Sales,44124,55138
12693,50,Customer Support,44122,55138
12694,46,Engineering,44126,45604
12695,49,Engineering,44125,58560
12696,61,Engineering,44123,71455
12697,51,Sales,44123,86915
12698,46,Engineering,44126,83230
12699,49,Engineering,44122,68170
12700,36,Customer Support,44123,77282
12701,70,Sales,44124,56592
12702,40,Sales,44122,95883
12703,62,HR,44125,72481
12704,62,Customer Support,44124,62103
12705,55,Engineering,44125,68174
12706,50,Customer Support,44125,61761
12707,61,Engineering,44122,80990
12708,56,Engineering,44125,82421
12709,35,Sales,44126,69706
12710,61,Engineering,44123,76485
12711,42,Engineering,44122,56952
12712,41,Sales,44125,78370
12713,29,Sales,44125,65081
12714,57,Engineering,44122,61534
12715,59,Sales,44125,99777
12716,24,Customer Support,44124,62683
12717,64,Engineering,44124,59041
12718,49,Sales,44124,42116
12719,60,Engineering,44123,57187
12720,64,Customer Support,44125,69300
12721,28,Sales,44122,55191
12722,57,Engineering,44123,64592
12723,43,Engineering,44126,84790
12724,25,Engineering,44124,99619
12725,73,Engineering,44125,55322
12726,58,Customer Support,44123,86555
12727,49,Engineering,44124,90501
12728,68,Engineering,44122,50025
12729,33,Sales,44125,78839
12730,60,Sales,44124,78528
12731,44,Engineering,44126,71458
12732,49,Sales,44126,82514
12733,57,Sales,44122,72430
12734,26,Customer Support,44126,72323
12735,34,Customer Support,44126,67540
12736,67,Engineering,44126,75045
12737,57,Engineering,44124,58704
12738,63,Engineering,44126,53656
12739,38,Engineering,44122,82408
12740,30,Sales,44123,69745
12741,26,Sales,44126,107393
12742,51,Engineering,44125,97737
12743,57,Customer Support,44123,70165
12744,73,Customer Support,44126,59326
12745,27,Engineering,44122,70734
12746,23,Engineering,44123,69308
12747,40,Customer Support,44126,68810
12748,51,Customer Support,44125,60976
12749,73,Customer Support,44125,99947
12750,51,Engineering,44124,86272
12751,53,Engineering,44123,91866
12752,44,Engineering,44126,35000
12753,31,Sales,44123,84593
12754,24,Sales,44124,57393
12755,32,Engineering,44122,87795
12756,43,Engineering,44126,65583
12757,74,Engineering,44123,65286
12758,62,Engineering,44123,70123
12759,65,Customer Support,44125,107794
12760,74,Engineering,44125,47450
12761,24,Customer Support,44125,66780
12762,23,HR,44122,66033
12763,24,Engineering,44124,85977
12764,52,Sales,44123,94415
12765,58,HR,44125,81563
12766,46,Sales,44124,75286
12767,69,Sales,44125,65821
12768,62,HR,44124,78044
12769,38,Engineering,44125,62753
12770,24,Engineering,44124,63924
12771,34,Sales,44124,97144
12772,46,Sales,44124,65026
12773,38,Engineering,44125,91604
12774,45,Sales,44123,73411
12775,73,Sales,44126,45617
12776,48,Customer Support,44122,84344
12777,67,Engineering,44122,65822
12778,38,Engineering,44126,74551
12779,30,Sales,44126,88802
12780,30,Sales,44126,84035
12781,65,Customer Support,44124,62288
12782,34,Sales,44122,87739
12783,71,Engineering,44124,88385
12784,28,Engineering,44124,60622
12785,26,Sales,44126,66286
12786,68,Engineering,44122,61978
12787,32,Engineering,44126,57981
12788,43,Engineering,44125,75872
12789,43,HR,44124,55751
12790,52,Engineering,44123,54554
12791,26,Sales,44123,92311
12792,72,Engineering,44126,64180
12793,52,Engineering,44124,68690
12794,45,Sales,44124,75451
12795,71,Engineering,44125,35000
12796,41,Sales,44122,54157
12797,27,Sales,44122,78512
12798,46,Engineering,44126,46259
12799,49,Sales,44122,59015
12800,61,HR,44123,67843
12801,23,Customer Support,44123,63501
12802,50,Sales,44124,80722
12803,69,Engineering,44124,75908
12804,46,Sales,44124,93731
12805,26,Customer Support,44124,72083
12806,40,Sales,44122,78699
12807,53,Sales,44125,45411
12808,30,Engineering,44123,60648
12809,39,Sales,44126,96847
12810,47,Sales,44126,62042
12811,74,Sales,44125,58275
12812,41,Engineering,44124,99938
12813,67,Engineering,44124,69888
12814,48,HR,44123,62653
12815,39,Customer Support,44126,84802
12816,64,Engineering,44125,47688
12817,28,Engineering,44126,63620
12818,31,Customer Support,44123,58732
12819,64,Engineering,44123,82435
12820,38,Customer Support,44124,66842
12821,61,HR,44126,73220
12822,30,Engineering,44126,69710
12823,27,Engineering,44125,59802
12824,68,Sales,44122,82985
12825,71,Customer Support,44124,74561
12826,44,Customer Support,44123,104230
12827,55,Engineering,44124,71188
12828,74,Customer Support,44124,67841
12829,70,HR,44125,72862
12830,71,Sales,44122,56370
12831,60,Sales,44122,49000
12832,35,Sales,44124,82335
12833,59,HR,44122,65734
12834,51,Sales,44126,72281
12835,69,Sales,44123,76383
12836,63,Engineering,44122,68997
12837,42,Engineering,44126,38416
12838,48,Engineering,44126,66254
12839,45,Engineering,44126,82158
12840,61,Sales,44125,78414
12841,40,Sales,44125,60865
12842,35,Engineering,44123,77394
12843,49,Engineering,44126,51161
12844,60,Engineering,44123,87074
12845,38,HR,44122,41225
12846,64,Sales,44125,50258
12847,43,HR,44124,60592
12848,26,Engineering,44124,96555
12849,48,Sales,44122,77977
12850,72,Customer Support,44125,58561
12851,34,Customer Support,44123,48587
12852,54,Engineering,44124,64674
12853,67,Engineering,44124,97711
12854,55,Engineering,44125,65323
12855,73,Sales,44123,95563
12856,28,Customer Support,44126,64990
12857,23,Engineering,44122,79394
12858,58,Engineering,44124,44854
12859,56,Customer Support,44124,65040
12860,61,Engineering,44126,78281
12861,45,Sales,44124,82556
12862,47,Customer Support,44125,82732
12863,34,Engineering,44125,100904
12864,24,Sales,44124,72511
12865,23,Customer Support,44124,78168
12866,50,Engineering,44126,59964
12867,55,Sales,44123,54705
12868,40,Engineering,44124,69790
12869,73,Customer Support,44124,64174
12870,54,Customer Support,44125,60130
12871,63,Engineering,44125,72363
12872,29,Sales,44122,60061
12873,72,Engineering,44124,76132
12874,58,Sales,44123,73569
12875,73,Engineering,44126,61630
12876,50,HR,44124,86649
12877,66,Sales,44125,57628
12878,25,Engineering,44124,78957
12879,47,Sales,44124,66383
12880,64,Sales,44125,67769
12881,67,Sales,44122,84251
12882,37,Sales,44126,67996
12883,46,HR,44124,75493
12884,60,Engineering,44124,68017
12885,52,Engineering,44123,48979
12886,66,Engineering,44125,63040
12887,43,Customer Support,44123,65257
12888,56,Engineering,44124,86394
12889,48,Engineering,44122,75192
12890,35,Engineering,44126,76617
12891,55,Sales,44122,55624
12892,67,Customer Support,44126,47109
12893,50,Customer Support,44123,36130
12894,22,Customer Support,44122,86452
12895,24,HR,44124,73124
12896,55,Customer Support,44125,66747
12897,34,Sales,44124,70310
12898,57,Sales,44122,79942
12899,46,Engineering,44125,73201
12900,25,Engineering,44126,94501
12901,73,Engineering,44123,71898
12902,29,Engineering,44123,57590
12903,63,Sales,44124,64595
12904,46,Engineering,44126,75382
12905,57,Customer Support,44122,90329
12906,52,Sales,44124,42376
12907,63,Customer Support,44125,64840
12908,31,Engineering,44126,78375
12909,61,Customer Support,44123,83072
12910,30,Engineering,44123,65192
12911,67,Customer Support,44126,90035
12912,43,Sales,44123,63058
12913,58,Customer Support,44122,88552
12914,27,Engineering,44126,71946
12915,38,Customer Support,44122,110715
12916,45,HR,44126,50448
12917,52,Sales,44126,59225
12918,29,Sales,44125,53731
12919,31,Engineering,44125,67154
12920,37,Engineering,44123,96133
12921,50,Customer Support,44123,56756
12922,23,HR,44124,115003
12923,70,Engineering,44123,84045
12924,49,Customer Support,44122,88560
12925,41,Engineering,44122,45824
12926,41,Engineering,44124,66117
12927,31,Sales,44123,91196
12928,54,HR,44125,83564
12929,22,Sales,44122,60236
12930,53,Sales,44122,66032
12931,23,HR,44123,57771
12932,47,HR,44124,80606
12933,49,HR,44124,62632
12934,45,Engineering,44125,60232
12935,63,Sales,44125,82533
12936,37,Customer Support,44126,69217
12937,62,HR,44125,72784
12938,51,Sales,44123,52832
12939,59,Engineering,44124,77521
12940,62,HR,44123,89890
12941,22,Sales,44124,62692
12942,29,Sales,44122,52671
12943,35,HR,44125,80969
12944,40,Sales,44123,71243
12945,32,Customer Support,44123,60169
12946,74,HR,44124,73258
12947,22,Sales,44122,80763
12948,60,Engineering,44123,61172
12949,63,Engineering,44123,86576
12950,53,Engineering,44124,35000
12951,41,Sales,44125,79257
12952,24,Sales,44123,66216
12953,49,Sales,44126,76452
12954,60,Sales,44126,82591
12955,31,Sales,44125,48930
12956,32,Engineering,44123,82055
12957,59,Sales,44125,52824
12958,40,Customer Support,44126,64382
12959,61,Engineering,44123,105211
12960,67,Sales,44125,74783
12961,23,Customer Support,44123,37382
12962,24,Customer Support,44122,82124
12963,52,Sales,44123,51450
12964,58,Engineering,44123,59097
12965,47,Customer Support,44126,80072
12966,41,Sales,44125,56699
12967,38,Engineering,44125,66322
12968,31,Engineering,44123,73159
12969,54,Engineering,44126,61399
12970,29,Engineering,44123,72040
12971,58,Customer Support,44123,64909
12972,35,HR,44123,74583
12973,54,Sales,44124,79977
12974,36,Engineering,44123,56951
12975,60,Engineering,44125,56514
12976,66,Customer Support,44124,86939
12977,24,Engineering,44124,84427
12978,43,Engineering,44126,62352
12979,23,Sales,44126,68200
12980,28,Engineering,44122,68805
12981,33,Sales,44122,64127
12982,44,HR,44126,72987
12983,63,Sales,44126,63275
12984,30,Engineering,44124,57251
12985,23,Customer Support,44124,73168
12986,59,Engineering,44126,60214
12987,46,Engineering,44123,70796
12988,33,Engineering,44122,73685
12989,48,Engineering,44125,56216
12990,64,Customer Support,44122,65464
12991,37,Engineering,44122,57140
12992,60,Sales,44126,47047
12993,53,Sales,44123,64773
12994,23,Engineering,44122,99561
12995,26,Engineering,44125,79693
12996,38,Sales,44124,86306
12997,59,Sales,44126,89476
12998,35,Engineering,44122,48432
12999,39,Engineering,44125,39886
13000,67,Engineering,44123,84028
13001,59,Engineering,44122,73762
13002,23,Engineering,44126,102449
13003,56,HR,44123,76812
13004,35,Engineering,44126,70069
13005,22,SpecialOps,44126,75226
13006,71,Customer Support,44125,42178
13007,34,Customer Support,44125,76023
13008,58,Sales,44123,47564
13009,30,Engineering,44125,63355
13010,74,HR,44125,58813
13011,66,Engineering,44125,80999
13012,44,Sales,44126,60928
13013,69,Engineering,44122,90829
13014,73,Engineering,44125,70272
13015,50,Customer Support,44124,67763
13016,39,Customer Support,44124,102676
13017,54,Sales,44122,68087
13018,60,Engineering,44126,66822
13019,67,Customer Support,44124,83523
13020,32,Sales,44122,68940
13021,61,HR,44124,69996
13022,70,Customer Support,44126,83258
13023,54,Customer Support,44125,71566
13024,72,Engineering,44123,80053
13025,69,Customer Support,44123,70096
13026,62,Customer Support,44126,71054
13027,46,Engineering,44123,51828
13028,66,Sales,44122,53905
13029,71,Engineering,44124,79688
13030,73,Engineering,44123,52444
13031,56,Engineering,44125,74585
13032,71,HR,44124,72099
13033,44,Engineering,44124,89037
13034,23,Sales,44122,85060
13035,57,Engineering,44122,76871
13036,34,Sales,44124,85856
13037,57,Sales,44122,68934
13038,57,Engineering,44124,77451
13039,51,Sales,44126,71246
13040,70,Engineering,44126,73512
13041,55,Engineering,44122,86657
13042,70,Engineering,44123,44577
13043,60,Engineering,44124,65262
13044,32,Sales,44122,65924
13045,56,Engineering,44122,61290
13046,41,HR,44122,70520
13047,73,Engineering,44126,96773
13048,45,Customer Support,44124,63928
13049,35,HR,44124,86548
13050,60,Sales,44123,81118
13051,62,Engineering,44126,69812
13052,66,Engineering,44124,70600
13053,74,Engineering,44126,81033
13054,34,Engineering,44125,51449
13055,51,Engineering,44126,107323
13056,37,Engineering,44126,70729
13057,24,HR,44123,62928
13058,24,HR,44126,73383
13059,69,Engineering,44124,57349
13060,33,Engineering,44126,58197
13061,31,Engineering,44123,68081
13062,45,Engineering,44126,71265
13063,29,Engineering,44123,42533
13064,70,Sales,44123,99761
13065,25,Engineering,44125,94575
13066,63,Engineering,44124,75445
13067,24,Sales,44122,85363
13068,74,Sales,44123,71392
13069,73,HR,44122,85348
13070,64,Engineering,44123,61284
13071,46,Engineering,44123,71101
13072,70,Engineering,44126,69139
13073,68,Sales,44122,94871
13074,58,Customer Support,44122,46158
13075,43,Sales,44125,79823
13076,55,Sales,44124,68093
13077,64,Sales,44122,94795
13078,69,Customer Support,44124,41073
13079,34,Sales,44124,89462
13080,52,Engineering,44123,60392
13081,29,Sales,44126,109551
13082,29,HR,44124,39271
13083,46,Engineering,44123,92227
13084,26,Sales,44126,70053
13085,28,Customer Support,44125,46423
13086,37,Sales,44123,55091
13087,46,Customer Support,44123,77129
13088,28,Customer Support,44122,66047
13089,47,Engineering,44126,91106
13090,55,Engineering,44123,66032
13091,60,Customer Support,44124,67639
13092,56,Sales,44125,99825
13093,65,HR,44125,59866
13094,43,Engineering,44124,71921
13095,37,Customer Support,44124,77093
13096,74,Sales,44125,60887
13097,23,Engineering,44126,63355
13098,41,Customer Support,44123,57339
13099,34,Engineering,44123,63218
13100,38,Engineering,44126,95087
13101,45,HR,44125,47653
13102,68,Customer Support,44126,75049
13103,66,HR,44124,44661
13104,32,Engineering,44123,124823
13105,49,Engineering,44125,81519
13106,50,Customer Support,44123,67652
13107,51,Engineering,44125,75716
13108,63,HR,44122,83410
13109,66,Engineering,44123,70309
13110,45,HR,44123,72814
13111,31,Sales,44124,35000
13112,60,Customer Support,44122,82967
13113,31,Customer Support,44124,98226
13114,26,Customer Support,44126,82398
13115,67,Sales,44122,82053
13116,39,Engineering,44124,64067
13117,38,Sales,44125,80540
13118,33,Engineering,44125,92867
13119,23,Engineering,44124,78211
13120,23,Customer Support,44122,58806
13121,63,Engineering,44123,61346
13122,53,Sales,44124,70157
13123,71,Engineering,44126,41278
13124,45,Customer Support,44123,80225
13125,56,Sales,44126,89527
13126,54,Customer Support,44123,66445
13127,27,Engineering,44124,72573
13128,27,Customer Support,44124,72919
13129,24,HR,44123,64089
13130,27,Engineering,44122,90321
13131,58,Engineering,44125,49473
13132,51,Engineering,44124,69223
13133,22,Sales,44126,71425
13134,40,Engineering,44122,69874
13135,53,Engineering,44126,55437
13136,61,Customer Support,44125,53170
13137,22,HR,44126,76218
13138,61,HR,44124,75124
13139,45,Engineering,44126,76947
13140,62,Sales,44125,57430
13141,23,Sales,44125,55304
13142,61,HR,44125,89982
13143,64,Engineering,44124,56149
13144,50,Engineering,44126,35000
13145,22,Customer Support,44125,61719
13146,45,Engineering,44122,35000
13147,63,Sales,44126,67453
13148,31,Sales,44122,91673
13149,28,Engineering,44124,57357
13150,27,Customer Support,44123,64448
13151,25,Sales,44123,79430
13152,55,Customer Support,44126,58033
13153,57,Engineering,44123,50730
13154,51,Customer Support,44126,48078
13155,42,Engineering,44123,49869
13156,53,Customer Support,44126,67629
13157,57,Customer Support,44126,44623
13158,25,Engineering,44123,88337
13159,64,Customer Support,44124,66768
13160,38,HR,44126,88619
13161,49,Sales,44123,52515
13162,70,Engineering,44123,58610
13163,31,Sales,44122,68370
13164,24,Engineering,44123,79184
13165,61,HR,44122,71839
13166,63,Engineering,44124,74192
13167,58,Executive,44126,80529
13168,39,HR,44123,79595
13169,50,Engineering,44122,69670
13170,40,Sales,44126,74759
13171,52,Engineering,44124,68137
13172,60,HR,44126,63964
13173,38,HR,44123,53884
13174,29,Sales,44122,50815
13175,72,Engineering,44122,89178
13176,42,Customer Support,44122,79217
13177,27,Engineering,44123,68023
13178,29,Sales,44126,87034
13179,54,Customer Support,44125,67554
13180,33,Sales,44124,88153
13181,26,Customer Support,44126,73136
13182,25,Customer Support,44123,69122
13183,69,Customer Support,44126,66570
13184,72,Engineering,44126,48918
13185,36,Sales,44125,50585
13186,60,Engineering,44126,72232
13187,63,Engineering,44125,69365
13188,69,Sales,44126,76665
13189,24,Customer Support,44126,60162
13190,46,Engineering,44123,54974
13191,55,Engineering,44126,64701
13192,38,Customer Support,44126,76138
13193,41,Engineering,44122,58593
13194,59,Engineering,44124,72472
13195,59,Sales,44126,60638
13196,25,HR,44125,78859
13197,72,Sales,44124,73980
13198,29,Engineering,44122,52860
13199,72,Engineering,44123,57207
13200,41,Sales,44123,70996
13201,61,Customer Support,44124,54838
13202,45,Customer Support,44122,63881
13203,36,Engineering,44122,64734
13204,49,Engineering,44124,62744
13205,37,Engineering,44124,41176
13206,56,Customer Support,44123,71841
13207,27,Sales,44125,90343
13208,70,Sales,44126,60796
13209,52,Engineering,44124,45446
13210,47,Engineering,44125,67669
13211,24,Customer Support,44125,61900
13212,64,Engineering,44124,68305
13213,60,Engineering,44125,84043
13214,26,Engineering,44123,35000
13215,31,Sales,44126,73121
13216,63,Customer Support,44126,78804
13217,43,Customer Support,44125,58954
13218,42,Customer Support,44126,95040
13219,55,Customer Support,44124,97389
13220,60,HR,44126,91325
13221,74,Executive,44126,69453
13222,26,Sales,44126,68378
13223,48,Engineering,44122,64829
13224,51,HR,44123,78036
13225,54,Customer Support,44122,76202
13226,63,Engineering,44122,87114
13227,37,Sales,44123,78366
13228,30,Sales,44126,85267
13229,23,Sales,44122,59145
13230,60,Engineering,44124,45197
13231,47,HR,44122,53128
13232,28,Sales,44124,90669
13233,66,Engineering,44125,70494
13234,66,Engineering,44125,46721
13235,38,Engineering,44126,67199
13236,48,HR,44126,50610
13237,35,Engineering,44125,68540
13238,61,Engineering,44126,53320
13239,36,Engineering,44123,69498
13240,56,Sales,44125,73814
13241,54,Engineering,44126,68605
13242,26,Sales,44125,66824
13243,28,Engineering,44125,67237
13244,41,Sales,44122,72547
13245,71,Sales,44122,110631
13246,43,HR,44124,72638
13247,32,Engineering,44125,41876
13248,33,Engineering,44123,46080
13249,72,Engineering,44122,51031
13250,25,Sales,44122,47055
13251,69,Engineering,44125,82184
13252,47,Sales,44125,67279
13253,37,Customer Support,44126,51440
13254,57,Engineering,44122,89796
13255,27,Engineering,44122,95879
13256,63,Engineering,44126,62059
13257,38,HR,44122,62446
13258,52,Customer Support,44125,68181
13259,64,Engineering,44125,73820
13260,22,Engineering,44125,95931
13261,62,Sales,44124,78404
13262,29,Sales,44125,69572
13263,64,Engineering,44124,68366
13264,43,Engineering,44125,79290
13265,68,HR,44124,67402
13266,67,Customer Support,44122,57356
13267,68,Engineering,44125,88569
13268,54,Customer Support,44123,103329
13269,71,Sales,44126,70279
13270,59,Sales,44126,92429
13271,43,Sales,44123,93759
13272,38,Customer Support,44126,47692
13273,54,Sales,44123,70182
13274,59,Engineering,44124,51524
13275,62,Customer Support,44122,76410
13276,64,HR,44124,62520
13277,71,Engineering,44125,69049
13278,32,Engineering,44123,94532
13279,34,Sales,44126,58722
13280,26,Engineering,44126,57885
13281,50,Engineering,44123,74014
13282,45,Engineering,44122,72179
13283,32,Sales,44123,49673
13284,50,Engineering,44124,68416
13285,35,Engineering,44124,72628
13286,52,Sales,44126,44937
13287,28,Engineering,44126,60125
13288,41,Sales,44124,35000
13289,66,Engineering,44124,85206
13290,37,Engineering,44124,70424
13291,68,Sales,44122,87035
13292,71,Engineering,44124,81939
13293,44,Customer Support,44124,49178
13294,24,Sales,44122,96829
13295,35,HR,44124,73781
13296,47,Engineering,44126,58808
13297,22,Customer Support,44123,65197
13298,39,Engineering,44125,73218
13299,50,Customer Support,44126,68428
13300,48,Customer Support,44124,63201
13301,71,Customer Support,44122,77099
13302,32,Engineering,44125,71986
13303,27,Customer Support,44126,75350
13304,37,Engineering,44124,60815
13305,39,Engineering,44126,76971
13306,43,Engineering,44123,41804
13307,39,Sales,44126,76540
13308,45,Engineering,44123,61720
13309,71,Sales,44126,61451
13310,68,Engineering,44126,60599
13311,23,Customer Support,44122,81833
13312,49,Engineering,44125,83550
13313,61,Engineering,44122,74741
13314,62,Sales,44126,58467
13315,50,Engineering,44124,43976
13316,54,HR,44123,88895
13317,70,Customer Support,44122,68402
13318,54,Engineering,44124,80410
13319,71,Customer Support,44126,97362
13320,59,Engineering,44122,47217
13321,39,Engineering,44125,80390
13322,65,Engineering,44123,68140
13323,67,Sales,44122,61609
13324,31,Engineering,44123,82709
13325,33,HR,44125,76550
13326,46,Sales,44122,85135
13327,43,Customer Support,44124,53452
13328,57,HR,44124,56815
13329,40,Engineering,44124,66891
13330,36,Sales,44125,77989
13331,66,Sales,44123,88571
13332,38,Sales,44123,68041
13333,64,Customer Support,44123,73125
13334,66,HR,44123,65454
13335,39,Engineering,44122,95291
13336,55,Sales,44125,84129
13337,26,Customer Support,44122,86304
13338,42,Sales,44125,87659
13339,25,Customer Support,44124,61359
13340,56,Engineering,44124,63415
13341,27,Engineering,44124,57577
13342,36,Engineering,44125,75437
13343,74,Engineering,44123,96365
13344,51,Engineering,44125,75549
13345,28,Customer Support,44125,73189
13346,65,Engineering,44125,102479
13347,63,Engineering,44123,65762
13348,61,HR,44125,83843
13349,43,Engineering,44122,88016
13350,60,Customer Support,44122,87848
13351,54,Engineering,44123,69818
13352,70,Sales,44125,59551
13353,34,Engineering,44123,66566
13354,33,Customer Support,44122,71018
13355,46,Customer Support,44124,39500
13356,39,Engineering,44126,86418
13357,56,Sales,44122,93222
13358,53,Engineering,44122,94362
13359,40,Customer Support,44125,93619
13360,59,Sales,44123,87027
13361,32,Sales,44126,80811
13362,38,Engineering,44123,73109
13363,52,Engineering,44123,60495
13364,55,Sales,44124,84784
13365,68,Sales,44126,38816
13366,35,Sales,44123,76200
13367,74,Engineering,44122,97069
13368,32,Engineering,44123,73583
13369,32,Sales,44122,35000
13370,54,Sales,44124,75728
13371,60,Sales,44123,60404
13372,33,HR,44124,76826
13373,26,Customer Support,44125,82432
13374,35,Sales,44123,77905
13375,60,HR,44125,66786
13376,39,Sales,44122,74382
13377,45,Engineering,44124,52757
13378,70,HR,44122,63185
13379,46,Sales,44126,75841
13380,54,Customer Support,44124,72522
13381,61,Customer Support,44124,80674
13382,57,HR,44125,76056
13383,73,Sales,44124,77219
13384,51,Engineering,44125,72301
13385,54,Engineering,44124,35000
13386,43,Engineering,44122,99358
13387,65,Customer Support,44126,72614
13388,31,Engineering,44123,56360
13389,71,Customer Support,44125,47130
13390,67,Sales,44125,90421
13391,53,Customer Support,44124,61824
13392,59,HR,44125,77148
13393,49,Sales,44123,79770
13394,45,Engineering,44126,55493
13395,68,Customer Support,44122,75955
13396,51,Engineering,44125,67117
13397,27,Engineering,44125,80099
13398,30,Engineering,44124,85748
13399,68,Customer Support,44123,56789
13400,41,Customer Support,44122,94742
13401,62,Engineering,44122,88565
13402,37,Engineering,44124,58286
13403,31,Sales,44124,98403
13404,64,Sales,44123,77023
13405,52,Engineering,44123,60128
13406,68,Engineering,44124,59466
13407,38,Customer Support,44125,77115
13408,74,HR,44125,81779
13409,46,HR,44126,41638
13410,45,Engineering,44124,81758
13411,32,Engineering,44125,69490
13412,46,Sales,44123,71709
13413,33,HR,44123,78590
13414,66,Engineering,44122,67742
13415,67,Engineering,44124,69919
13416,57,Customer Support,44124,59967
13417,46,Sales,44122,83425
13418,31,Engineering,44122,71511
13419,61,Engineering,44125,59583
13420,72,Engineering,44124,71581
13421,73,Engineering,44124,58160
13422,44,Engineering,44122,76982
13423,51,Engineering,44122,79084
13424,24,Sales,44122,66398
13425,57,Sales,44126,41143
13426,49,Sales,44125,70394
13427,28,Customer Support,44124,84038
13428,47,Sales,44126,107562
13429,73,Sales,44123,92233
13430,24,Customer Support,44122,52309
13431,58,Sales,44125,56936
13432,29,Engineering,44122,68261
13433,54,Customer Support,44122,82508
13434,31,Engineering,44126,83651
13435,40,HR,44124,76148
13436,60,Customer Support,44123,75144
13437,31,Sales,44126,51274
13438,34,Engineering,44126,84161
13439,48,Engineering,44125,67257
13440,47,Engineering,44126,55560
13441,32,Sales,44123,50257
13442,22,Sales,44123,65747
13443,58,Sales,44123,77298
13444,56,HR,44125,60300
13445,62,Engineering,44126,91523
13446,65,Engineering,44122,77754
13447,35,Customer Support,44124,70043
13448,45,HR,44126,71634
13449,57,HR,44126,84012
13450,38,Sales,44122,89177
13451,67,Engineering,44123,75610
13452,72,Engineering,44124,85817
13453,69,Sales,44125,76235
13454,64,Engineering,44123,57241
13455,70,Sales,44123,74345
13456,68,Customer Support,44123,60545
13457,73,Engineering,44122,69855
13458,49,Engineering,44125,73950
13459,30,Customer Support,44124,51308
13460,72,Customer Support,44122,80711
13461,54,Sales,44125,83216
13462,27,Engineering,44122,77158
13463,67,Engineering,44122,84095
13464,58,Engineering,44125,67215
13465,74,Sales,44126,80574
13466,26,Engineering,44123,67982
13467,67,Engineering,44122,72695
13468,27,Sales,44123,50489
13469,41,Sales,44124,89606
13470,32,Engineering,44124,57197
13471,69,Sales,44126,73563
13472,36,Sales,44125,39801
13473,58,Sales,44124,71231
13474,24,Customer Support,44124,85551
13475,46,Engineering,44126,64017
13476,48,Customer Support,44123,65014
13477,50,Sales,44125,49401
13478,33,Customer Support,44125,74894
13479,31,HR,44125,73177
13480,49,Engineering,44123,68503
13481,32,Engineering,44122,89533
13482,54,Sales,44126,86772
13483,32,Customer Support,44126,106033
13484,42,Sales,44125,53248
13485,60,Customer Support,44125,58100
13486,43,Sales,44124,70190
13487,43,Engineering,44126,80271
13488,36,Engineering,44126,49198
13489,58,Customer Support,44126,56672
13490,69,Engineering,44122,78627
13491,58,Engineering,44125,41193
13492,49,HR,44123,38333
13493,45,HR,44123,81692
13494,51,Customer Support,44123,88199
13495,51,Engineering,44126,69848
13496,46,Customer Support,44125,101865
13497,40,Engineering,44125,101394
13498,50,Customer Support,44122,65730
13499,33,Sales,44125,77642
13500,52,Customer Support,44126,91649
13501,52,Engineering,44125,108128
13502,70,Sales,44126,76264
13503,65,Engineering,44123,103241
13504,26,Engineering,44126,77024
13505,42,Engineering,44124,65438
13506,69,Engineering,44126,71514
13507,34,HR,44124,64889
13508,64,Sales,44122,80908
13509,58,Sales,44122,92822
13510,66,Customer Support,44124,75902
13511,47,Customer Support,44126,64121
13512,33,Engineering,44126,58460
13513,57,Engineering,44126,84533
13514,43,Sales,44126,48734
13515,34,Engineering,44126,85225
13516,24,Engineering,44122,106179
13517,64,Sales,44125,83237
13518,45,Sales,44124,79436
13519,47,Sales,44122,52203
13520,69,Customer Support,44124,81277
13521,31,HR,44125,72254
13522,61,Customer Support,44123,71965
13523,59,Engineering,44126,107262
13524,61,Sales,44126,54326
13525,61,Sales,44122,77261
13526,36,Engineering,44124,63343
13527,63,Sales,44123,64323
13528,26,Engineering,44126,83140
13529,30,Engineering,44124,71612
13530,69,HR,44122,72828
13531,38,Engineering,44124,75746
13532,28,Customer Support,44124,71668
13533,24,Sales,44126,84556
13534,65,Engineering,44124,82830
13535,52,Engineering,44124,68382
13536,30,Sales,44126,70262
13537,58,Customer Support,44125,67768
13538,53,Sales,44122,109825
13539,74,Sales,44122,82134
13540,33,Sales,44125,82965
13541,33,Engineering,44126,61140
13542,73,Engineering,44125,86885
13543,28,Sales,44125,62838
13544,64,Engineering,44125,42323
13545,63,Sales,44122,44936
13546,50,HR,44126,63590
13547,46,Sales,44123,54610
13548,36,Engineering,44126,72935
13549,46,Customer Support,44123,64992
13550,73,Customer Support,44125,85038
13551,62,Engineering,44125,66993
13552,32,Engineering,44126,65900
13553,51,Engineering,44126,62051
13554,48,Engineering,44126,64997
13555,27,Customer Support,44125,89026
13556,47,HR,44123,65322
13557,52,Sales,44122,74206
13558,64,Customer Support,44123,76187
13559,61,Sales,44122,47435
13560,67,Sales,44126,81410
13561,61,Sales,44125,73627
13562,22,Sales,44123,88693
13563,64,Sales,44126,35000
13564,43,Engineering,44125,53614
13565,50,Engineering,44124,90756
13566,32,Engineering,44124,73275
13567,32,Sales,44126,78062
13568,58,Engineering,44126,44213
13569,38,Engineering,44125,86703
13570,46,Sales,44123,56389
13571,55,Customer Support,44123,74432
13572,41,HR,44123,71396
13573,23,Customer Support,44124,70441
13574,28,Customer Support,44123,79198
13575,41,Customer Support,44123,48908
13576,43,Engineering,44124,79139
13577,65,Customer Support,44126,86435
13578,26,Engineering,44123,65011
13579,31,Engineering,44122,87069
13580,23,HR,44126,64111
13581,66,Engineering,44122,75419
13582,30,Sales,44123,66621
13583,66,Sales,44122,79554
13584,71,Customer Support,44122,93694
13585,70,Engineering,44124,94952
13586,38,Sales,44122,59394
13587,30,Engineering,44124,56465
13588,65,Sales,44124,62676
13589,54,HR,44126,70216
13590,37,Customer Support,44126,42501
13591,31,Sales,44124,75139
13592,38,Customer Support,44122,86076
13593,43,Sales,44124,68428
13594,64,Engineering,44125,78214
13595,48,Customer Support,44125,55805
13596,33,Sales,44125,67153
13597,28,Sales,44124,65865
13598,25,Sales,44123,68460
13599,47,Sales,44125,44609
13600,54,Engineering,44126,90129
13601,41,HR,44123,73359
13602,56,Sales,44125,83102
13603,38,Engineering,44126,77869
13604,32,HR,44123,75002
13605,47,Customer Support,44124,79651
13606,65,Customer Support,44126,86940
13607,34,Sales,44124,61186
13608,73,Engineering,44123,87370
13609,36,Sales,44125,76021
13610,40,Sales,44122,80059
13611,65,Sales,44125,71590
13612,71,Engineering,44125,83052
13613,27,Customer Support,44125,97862
13614,74,Customer Support,44122,80784
13615,42,Engineering,44124,54980
13616,34,Sales,44123,36663
13617,37,Engineering,44126,91633
13618,64,Sales,44124,81238
13619,69,HR,44125,74509
13620,61,Sales,44122,44798
13621,32,Engineering,44125,75310
13622,40,Engineering,44125,77964
13623,59,Executive,44123,98032
13624,53,Sales,44124,66516
13625,58,Sales,44122,44666
13626,26,Customer Support,44122,48367
13627,31,Customer Support,44124,75007
13628,23,HR,44122,91728
13629,69,Engineering,44123,73429
13630,47,Sales,44122,77291
13631,25,Sales,44122,66720
13632,62,Engineering,44123,82536
13633,55,Engineering,44122,55653
13634,42,Engineering,44123,61316
13635,34,Engineering,44125,83112
13636,25,Sales,44126,70446
13637,46,Sales,44123,61607
13638,51,Customer Support,44126,58432
13639,37,Engineering,44126,68000
13640,24,Customer Support,44126,61231
13641,25,Customer Support,44124,79278
13642,51,HR,44122,72803
13643,48,Engineering,44122,75200
13644,50,Customer Support,44123,51652
13645,59,Sales,44122,53728
13646,56,Engineering,44124,76278
13647,32,Engineering,44125,80424
13648,35,HR,44122,64091
13649,61,Engineering,44125,38989
13650,51,Engineering,44126,41742
13651,67,Engineering,44124,64702
13652,72,Engineering,44122,87096
13653,52,Engineering,44122,72204
13654,32,Engineering,44126,67943
13655,37,Engineering,44126,69389
13656,41,Engineering,44122,85201
13657,24,Sales,44125,60670
13658,46,Engineering,44125,68699
13659,27,Customer Support,44123,83088
13660,31,Engineering,44123,77480
13661,61,Customer Support,44123,63132
13662,44,Engineering,44124,36915
13663,38,Engineering,44124,44308
13664,64,HR,44123,55783
13665,41,Sales,44126,85298
13666,29,Engineering,44122,71865
13667,67,Engineering,44125,58600
13668,63,Sales,44124,70985
13669,54,Sales,44122,76732
13670,73,Engineering,44123,110617
13671,41,Sales,44124,74793
13672,23,HR,44123,107503
13673,27,Engineering,44122,38856
13674,51,Engineering,44122,62295
13675,49,Engineering,44126,63459
13676,64,Customer Support,44123,84847
13677,26,Executive,44123,91331
13678,74,Sales,44122,54993
13679,27,Sales,44123,63989
13680,44,Engineering,44125,71954
13681,35,Sales,44124,86704
13682,66,Engineering,44122,72079
13683,25,Engineering,44125,72608
13684,42,Engineering,44125,117539
13685,35,Customer Support,44125,71677
13686,67,Sales,44122,67772
13687,36,Sales,44124,91732
13688,63,Sales,44125,47116
13689,39,Engineering,44124,69637
13690,52,Engineering,44126,50491
13691,67,Sales,44124,68787
13692,57,Sales,44126,70526
13693,22,Engineering,44123,58771
13694,44,Customer Support,44122,74190
13695,58,Sales,44124,71716
13696,54,Engineering,44125,65488
13697,45,Customer Support,44125,68941
13698,63,Sales,44124,65601
13699,25,HR,44126,67650
13700,69,Sales,44126,74167
13701,24,Customer Support,44124,49818
13702,30,Customer Support,44126,84474
13703,65,Sales,44126,84221
13704,54,Customer Support,44126,73280
13705,24,Sales,44124,50158
13706,41,HR,44122,69727
13707,55,Engineering,44126,82542
13708,41,Customer Support,44126,78356
13709,51,Engineering,44126,64693
13710,28,HR,44124,59635
13711,41,Sales,44123,82847
13712,26,Sales,44124,63899
13713,51,Sales,44126,72615
13714,53,Customer Support,44124,64099
13715,26,Customer Support,44125,63266
13716,55,Sales,44123,87748
13717,48,Customer Support,44126,82798
13718,34,Customer Support,44126,57988
13719,24,Engineering,44126,87888
13720,52,Customer Support,44126,75206
13721,49,Engineering,44126,81792
13722,48,Engineering,44123,110674
13723,69,Sales,44125,78620
13724,42,Sales,44125,87079
13725,65,Sales,44126,93921
13726,32,Sales,44126,52225
13727,53,Engineering,44122,69777
13728,53,Customer Support,44125,69573
13729,25,HR,44126,65051
13730,51,Customer Support,44126,70498
13731,28,Engineering,44125,61928
13732,49,Engineering,44124,91494
13733,55,Sales,44125,83553
13734,23,HR,44123,72690
13735,22,Customer Support,44126,64912
13736,38,Engineering,44122,96180
13737,74,Engineering,44124,65211
13738,61,Sales,44122,99566
13739,51,Sales,44126,82990
13740,69,Sales,44123,65949
13741,39,Engineering,44126,59716
13742,71,Engineering,44124,61961
13743,62,Customer Support,44125,48756
13744,55,Engineering,44123,50475
13745,29,Engineering,44125,90284
13746,30,Engineering,44122,73637
13747,32,Engineering,44126,52688
13748,42,Engineering,44125,68366
13749,43,Sales,44126,40710
13750,63,Sales,44124,64276
13751,42,Engineering,44123,57697
13752,59,Sales,44125,69111
13753,22,Customer Support,44124,86996
13754,59,Engineering,44125,82046
13755,57,Sales,44123,87053
13756,64,Engineering,44122,95538
13757,52,Engineering,44125,78531
13758,37,Engineering,44126,82173
13759,43,Engineering,44123,76848
13760,55,Engineering,44122,66484
13761,62,Sales,44123,77446
13762,37,Engineering,44126,62821
13763,57,Engineering,44126,80154
13764,44,Engineering,44123,77789
13765,69,Engineering,44124,46418
13766,61,Engineering,44125,106454
13767,29,Customer Support,44122,86357
13768,60,Customer Support,44126,71629
13769,49,Customer Support,44122,77474
13770,28,Engineering,44122,95805
13771,66,Engineering,44123,67571
13772,41,Engineering,44124,74516
13773,50,Engineering,44125,73418
13774,52,Engineering,44125,56816
13775,28,Engineering,44126,63934
13776,40,Sales,44123,58852
13777,68,Sales,44122,79716
13778,52,Engineering,44123,83483
13779,51,Engineering,44126,51858
13780,64,Sales,44126,59037
13781,49,Engineering,44123,86209
13782,51,Engineering,44123,72601
13783,48,Engineering,44126,83083
13784,39,Customer Support,44123,60203
13785,34,Sales,44125,73246
13786,73,Customer Support,44122,59363
13787,37,Sales,44126,54581
13788,62,Engineering,44122,97341
13789,56,Engineering,44122,71985
13790,30,Sales,44126,88328
13791,28,Engineering,44125,76795
13792,50,Sales,44124,58754
13793,50,Customer Support,44126,86802
13794,60,Engineering,44123,78323
13795,28,Sales,44125,90880
13796,27,Engineering,44124,77538
13797,42,Customer Support,44126,76530
13798,68,Engineering,44122,107333
13799,64,Customer Support,44125,73543
13800,42,Sales,44122,82296
13801,61,Engineering,44122,84642
13802,50,Customer Support,44126,85382
13803,54,Customer Support,44122,43473
13804,34,Engineering,44122,49919
13805,35,Sales,44125,60918
13806,54,Engineering,44125,74636
13807,49,Sales,44126,64306
13808,38,Customer Support,44124,66201
13809,60,Engineering,44123,91333
13810,48,Sales,44125,83206
13811,47,Engineering,44125,81723
13812,66,Engineering,44124,91214
13813,29,Sales,44125,51595
13814,25,Sales,44126,44593
13815,53,Engineering,44122,92170
13816,73,Customer Support,44122,86957
13817,71,Engineering,44122,79581
13818,25,HR,44122,43481
13819,42,Sales,44126,94902
13820,25,Customer Support,44124,65289
13821,49,Customer Support,44122,85773
13822,40,Customer Support,44122,90348
13823,30,Engineering,44123,66014
13824,23,Sales,44125,39989
13825,37,Engineering,44123,76746
13826,70,Engineering,44122,82408
13827,31,Sales,44122,63442
13828,66,Customer Support,44125,76738
13829,59,HR,44122,89087
13830,36,Customer Support,44122,55661
13831,31,Engineering,44123,49283
13832,33,Sales,44126,37050
13833,25,Sales,44124,76618
13834,68,Engineering,44126,71290
13835,40,Sales,44123,60838
13836,71,HR,44124,55121
13837,52,Customer Support,44123,60010
13838,60,Engineering,44126,83118
13839,65,Engineering,44123,71045
13840,71,Engineering,44124,80210
13841,55,Sales,44125,115994
13842,23,Sales,44122,79525
13843,66,Engineering,44125,65702
13844,58,Engineering,44122,67284
13845,27,Engineering,44125,72958
13846,39,Customer Support,44122,64031
13847,24,Customer Support,44123,84828
13848,71,Sales,44124,75597
13849,54,Customer Support,44123,61571
13850,61,Customer Support,44123,51387
13851,38,HR,44126,46485
13852,62,Sales,44123,60581
13853,54,Sales,44122,57835
13854,34,Engineering,44123,50970
13855,38,Engineering,44123,100972
13856,42,Sales,44123,55903
13857,58,Executive,44123,80058
13858,53,Sales,44122,61757
13859,54,Engineering,44126,50519
13860,50,Customer Support,44122,46758
13861,34,Engineering,44125,54479
13862,60,Engineering,44126,55474
13863,49,HR,44124,74366
13864,56,Sales,44124,72865
13865,67,HR,44126,76056
13866,62,Engineering,44125,51303
13867,71,Sales,44123,57979
13868,69,Customer Support,44122,40358
13869,47,Engineering,44126,66505
13870,28,Customer Support,44125,72414
13871,38,Customer Support,44125,78124
13872,71,Sales,44122,78983
13873,22,Sales,44125,72391
13874,29,Customer Support,44124,83666
13875,31,Sales,44123,48201
13876,62,Customer Support,44122,56895
13877,33,Engineering,44124,75143
13878,56,Customer Support,44122,54459
13879,37,HR,44124,88714
13880,61,Customer Support,44125,72009
13881,37,Customer Support,44122,64302
13882,33,HR,44123,85766
13883,24,Engineering,44124,72857
13884,55,Sales,44123,76919
13885,41,Engineering,44122,68978
13886,43,Engineering,44124,64086
13887,48,HR,44124,35000
13888,59,Sales,44122,63451
13889,34,Engineering,44124,68527
13890,24,Sales,44126,82388
13891,38,Customer Support,44124,81160
13892,31,HR,44126,86441
13893,22,Customer Support,44124,78690
13894,36,Customer Support,44126,72307
13895,36,Sales,44126,67576
13896,74,Engineering,44123,76099
13897,51,Sales,44123,66800
13898,69,Sales,44125,69917
13899,58,Engineering,44122,63075
13900,68,Customer Support,44126,65606
13901,68,Engineering,44123,83397
13902,59,Engineering,44123,68149
13903,46,Customer Support,44126,70383
13904,55,Engineering,44124,61473
13905,42,Engineering,44123,85702
13906,66,Engineering,44126,87339
13907,22,Engineering,44124,86140
13908,42,Customer Support,44126,52629
13909,63,Sales,44124,81155
13910,60,Engineering,44126,63791
13911,40,Sales,44125,51376
13912,66,Engineering,44122,47454
13913,24,Sales,44125,62343
13914,31,Engineering,44125,59580
13915,52,Engineering,44123,45101
13916,66,Engineering,44123,53919
13917,47,HR,44124,90911
13918,59,Engineering,44126,73201
13919,47,Sales,44124,97877
13920,71,Engineering,44125,60990
13921,31,Engineering,44122,80741
13922,55,HR,44126,64876
13923,66,Engineering,44123,87062
13924,46,Engineering,44124,55259
13925,57,Engineering,44122,80291
13926,43,Engineering,44122,73966
13927,44,Customer Support,44123,36935
13928,27,Customer Support,44125,69855
13929,68,Customer Support,44123,59200
13930,38,HR,44124,102487
13931,61,Sales,44125,77850
13932,41,Engineering,44125,70797
13933,28,Sales,44123,61133
13934,61,HR,44125,99519
13935,31,Sales,44125,62369
13936,28,Customer Support,44123,73564
13937,32,HR,44125,46071
13938,47,Customer Support,44125,83476
13939,27,Sales,44123,39830
13940,55,Engineering,44123,78527
13941,63,Engineering,44123,66798
13942,57,Engineering,44123,65681
13943,25,Customer Support,44124,67128
13944,43,Customer Support,44122,64529
13945,49,Engineering,44126,68929
13946,31,Engineering,44124,72633
13947,22,Customer Support,44122,76698
13948,50,Sales,44123,89977
13949,64,HR,44124,83854
13950,57,Customer Support,44123,52636
13951,24,Sales,44124,35000
13952,40,HR,44124,83639
13953,68,HR,44125,64555
13954,34,Customer Support,44122,72117
13955,29,HR,44125,79987
13956,56,Engineering,44125,48858
13957,62,Sales,44125,52777
13958,42,Engineering,44125,44368
13959,61,Engineering,44122,56932
13960,71,Sales,44123,105086
13961,41,Sales,44124,90423
13962,32,Engineering,44124,75763
13963,34,HR,44126,94462
13964,35,Sales,44126,86101
13965,31,Engineering,44124,67919
13966,36,Customer Support,44126,54038
13967,65,Engineering,44123,56254
13968,38,HR,44123,73256
13969,49,Customer Support,44125,49071
13970,50,Engineering,44126,48451
13971,73,Engineering,44122,93967
13972,42,Engineering,44123,49192
13973,29,Customer Support,44122,83017
13974,68,Engineering,44125,95747
13975,67,Sales,44124,52527
13976,63,Customer Support,44122,53414
13977,66,Sales,44123,90686
13978,31,Engineering,44123,71206
13979,60,Engineering,44125,47593
13980,63,Engineering,44122,69980
13981,43,Engineering,44124,70052
13982,50,Engineering,44125,71119
13983,64,Engineering,44122,56628
13984,66,Customer Support,44125,51477
13985,66,Engineering,44124,66936
13986,73,Engineering,44126,80129
13987,42,Engineering,44125,59916
13988,74,Customer Support,44125,57993
13989,34,Sales,44124,76582
13990,55,Engineering,44125,74271
13991,74,Engineering,44124,62498
13992,37,Customer Support,44122,78666
13993,44,Engineering,44123,72070
13994,73,Engineering,44126,67776
13995,42,Engineering,44124,73523
13996,45,Engineering,44123,89710
13997,68,Engineering,44123,47263
13998,43,Customer Support,44122,86889
13999,62,Sales,44124,48249
14000,55,Engineering,44125,80526
14001,64,Customer Support,44125,59161
14002,69,Sales,44126,89869
14003,25,Engineering,44124,55241
14004,52,Engineering,44124,67601
14005,53,Sales,44125,52494
14006,34,Engineering,44123,59494
14007,38,Engineering,44125,75433
14008,52,Engineering,44123,83651
14009,50,Sales,44126,68924
14010,45,Sales,44126,61464
14011,31,HR,44124,63837
14012,33,Engineering,44122,57263
14013,50,Customer Support,44126,49582
14014,34,Engineering,44122,74835
14015,69,Customer Support,44124,87630
14016,54,Engineering,44123,89201
14017,72,Customer Support,44124,51859
14018,58,Engineering,44126,86515
14019,49,Sales,44123,50504
14020,34,Engineering,44124,101686
14021,31,Engineering,44124,63350
14022,71,Customer Support,44123,92176
14023,60,HR,44123,75623
14024,29,HR,44124,70779
14025,68,HR,44125,68218
14026,65,Engineering,44126,93732
14027,65,Customer Support,44123,79755
14028,47,Engineering,44126,82606
14029,43,HR,44122,50134
14030,53,Customer Support,44126,87638
14031,49,Engineering,44125,66198
14032,48,Engineering,44122,52903
14033,31,Sales,44126,86479
14034,54,Sales,44126,49579
14035,57,Engineering,44125,35000
14036,42,Engineering,44125,79288
14037,23,Customer Support,44125,71405
14038,40,Engineering,44122,63667
14039,30,Sales,44122,45995
14040,68,Engineering,44124,85144
14041,47,Engineering,44123,68696
14042,23,Sales,44126,80236
14043,39,Engineering,44125,75960
14044,64,Customer Support,44126,74888
14045,39,Engineering,44124,52985
14046,43,Customer Support,44124,85804
14047,46,Engineering,44125,65422
14048,44,Sales,44124,95810
14049,24,Engineering,44122,41005
14050,28,Engineering,44125,82066
14051,53,Engineering,44122,81534
14052,59,Engineering,44124,84938
14053,38,Engineering,44124,71275
14054,46,Engineering,44123,60529
14055,60,Sales,44125,73347
14056,58,Sales,44123,82096
14057,71,Engineering,44123,85444
14058,32,Customer Support,44122,66683
14059,73,Engineering,44126,61439
14060,51,Customer Support,44122,64709
14061,58,Customer Support,44126,66388
14062,46,Sales,44123,51528
14063,26,Engineering,44122,70386
14064,74,Sales,44125,63873
14065,65,Engineering,44124,102965
14066,27,HR,44122,45621
14067,62,Engineering,44122,64360
14068,29,Engineering,44123,57888
14069,65,Engineering,44123,76020
14070,44,Customer Support,44124,64412
14071,49,Engineering,44124,77748
14072,32,Engineering,44124,88035
14073,47,Engineering,44122,64605
14074,71,Sales,44124,81081
14075,37,Sales,44125,44556
14076,64,Customer Support,44123,74840
14077,33,Engineering,44124,64967
14078,38,Sales,44122,97770
14079,41,Engineering,44126,85537
14080,35,Engineering,44122,73382
14081,24,HR,44122,75570
14082,47,Sales,44126,73449
14083,64,Sales,44123,81491
14084,49,Customer Support,44122,99074
14085,34,Customer Support,44125,54807
14086,37,Customer Support,44125,38605
14087,44,Engineering,44124,70380
14088,51,Engineering,44124,74262
14089,55,Sales,44123,96403
14090,50,Engineering,44125,59095
14091,54,Engineering,44125,88112
14092,43,Sales,44124,87436
14093,42,Customer Support,44124,84553
14094,49,Sales,44124,74509
14095,37,Sales,44122,66180
14096,40,Engineering,44125,63326
14097,29,Sales,44124,68224
14098,58,Sales,44124,79134
14099,63,Customer Support,44123,73301
14100,40,Engineering,44123,73169
14101,57,Sales,44123,63748
14102,32,Sales,44125,103072
14103,54,HR,44122,57190
14104,42,Engineering,44125,61559
14105,60,HR,44125,90938
14106,67,Engineering,44125,58196
14107,46,Engineering,44126,70517
14108,60,Sales,44123,63922
14109,35,Engineering,44126,75952
14110,54,Customer Support,44124,66194
14111,50,Engineering,44126,50819
14112,54,Engineering,44122,56744
14113,66,Sales,44122,64757
14114,57,Engineering,44123,57151
14115,41,HR,44125,51598
14116,44,Sales,44124,52163
14117,64,Customer Support,44126,78270
14118,30,Engineering,44124,51041
14119,42,HR,44122,69078
14120,64,Engineering,44125,72123
14121,70,Engineering,44124,69425
14122,40,Customer Support,44123,78684
14123,52,Engineering,44124,91419
14124,25,Engineering,44126,63660
14125,65,Engineering,44125,61679
14126,69,Sales,44124,69223
14127,29,Customer Support,44124,68543
14128,40,Sales,44123,94981
14129,68,Engineering,44122,62989
14130,68,Sales,44123,80247
14131,52,Sales,44126,76458
14132,48,Sales,44124,57431
14133,56,Customer Support,44126,80774
14134,61,Engineering,44125,73993
14135,44,Engineering,44122,84105
14136,55,Sales,44123,65647
14137,48,Engineering,44123,66751
14138,25,Engineering,44122,73470
14139,22,Customer Support,44126,78167
14140,45,Sales,44126,75943
14141,33,Sales,44125,71470
14142,57,HR,44125,70085
14143,50,Engineering,44122,69223
14144,52,Sales,44124,58592
14145,66,Engineering,44125,83900
14146,42,Sales,44122,50925
14147,60,Engineering,44124,63403
14148,37,HR,44124,68343
14149,25,Engineering,44123,77681
14150,60,Sales,44122,61395
14151,73,Engineering,44123,75774
14152,26,Engineering,44126,66250
14153,31,Engineering,44122,65889
14154,43,Sales,44124,58562
14155,28,Engineering,44124,55800
14156,27,Engineering,44122,80534
14157,52,Engineering,44122,56782
14158,52,Engineering,44124,63675
14159,62,Customer Support,44124,79008
14160,37,Sales,44125,69136
14161,33,HR,44122,55709
14162,60,Sales,44125,83780
14163,28,Sales,44122,92055
14164,52,Customer Support,44125,52329
14165,60,Sales,44125,66617
14166,46,Sales,44122,57592
14167,65,Engineering,44125,55496
14168,37,Sales,44126,57445
14169,24,Sales,44125,70265
14170,27,Customer Support,44126,86339
14171,44,Engineering,44126,63429
14172,67,HR,44124,91601
14173,53,HR,44123,54554
14174,36,Engineering,44123,36029
14175,65,Engineering,44125,64824
14176,24,Customer Support,44123,80972
14177,29,Engineering,44125,53335
14178,65,Customer Support,44125,79621
14179,25,HR,44126,63122
14180,28,Engineering,44124,79661
14181,42,Sales,44122,65412
14182,35,Customer Support,44124,82679
14183,25,Sales,44125,85350
14184,69,Engineering,44126,76176
14185,67,Sales,44125,79389
14186,38,Sales,44122,95589
14187,23,HR,44122,56295
14188,49,Engineering,44123,43482
14189,40,HR,44125,67376
14190,57,Engineering,44126,84434
14191,52,Customer Support,44125,58644
14192,66,Sales,44124,82580
14193,35,Customer Support,44124,95288
14194,49,Engineering,44122,54317
14195,41,Engineering,44126,90905
14196,40,Engineering,44125,96712
14197,58,Engineering,44125,70824
14198,63,Engineering,44123,61285
14199,69,Sales,44126,77421
14200,69,Engineering,44123,88515
14201,49,HR,44122,55140
14202,50,Sales,44122,51017
14203,60,Engineering,44126,104261
14204,63,Engineering,44125,89093
14205,54,Sales,44122,66384
14206,36,Engineering,44126,63009
14207,69,Customer Support,44122,68278
14208,37,Engineering,44125,68196
14209,32,Engineering,44124,114346
14210,62,Customer Support,44125,82604
14211,71,Engineering,44126,59810
14212,59,Engineering,44125,83645
14213,71,Engineering,44126,62481
14214,24,Sales,44122,49069
14215,31,Engineering,44125,52904
14216,50,Sales,44124,87440
14217,54,Engineering,44126,75665
14218,69,Engineering,44126,95185
14219,28,Engineering,44125,72820
14220,64,Engineering,44123,75525
14221,27,Engineering,44123,77304
14222,48,Customer Support,44123,50176
14223,36,Engineering,44123,72512
14224,69,Engineering,44123,35446
14225,50,Sales,44124,78783
14226,49,Engineering,44125,54608
14227,25,Engineering,44125,51704
14228,39,Engineering,44125,105319
14229,58,Engineering,44122,64522
14230,65,Customer Support,44123,56487
14231,29,Customer Support,44123,44576
14232,22,Sales,44126,58329
14233,30,HR,44123,77578
14234,73,Engineering,44126,72963
14235,60,Engineering,44123,83992
14236,66,Customer Support,44124,78769
14237,58,Customer Support,44124,76255
14238,51,Engineering,44122,36280
14239,33,HR,44124,47747
14240,33,Engineering,44126,75198
14241,66,Customer Support,44123,79762
14242,56,Customer Support,44124,66978
14243,63,Customer Support,44125,85455
14244,52,Sales,44124,70455
14245,47,Engineering,44126,60922
14246,31,Engineering,44124,81577
14247,36,Engineering,44125,81584
14248,70,Customer Support,44126,73745
14249,71,Sales,44125,70275
14250,74,Customer Support,44125,86815
14251,46,Customer Support,44125,67314
14252,67,Sales,44122,76120
14253,62,Sales,44122,35000
14254,42,Engineering,44122,66347
14255,74,Customer Support,44126,85199
14256,73,Sales,44124,90893
14257,44,Engineering,44122,61201
14258,59,Engineering,44126,56009
14259,48,Engineering,44125,52256
14260,34,Engineering,44124,60974
14261,74,Engineering,44126,66749
14262,47,Customer Support,44124,68060
14263,55,Engineering,44124,60101
14264,37,HR,44123,73115
14265,61,Sales,44124,52983
14266,30,Engineering,44126,73324
14267,41,Engineering,44125,78157
14268,38,Engineering,44126,55595
14269,54,Sales,44124,81349
14270,54,Sales,44122,53190
14271,69,HR,44123,81356
14272,47,HR,44123,76567
14273,26,Engineering,44125,90455
14274,31,Engineering,44126,57491
14275,62,Sales,44123,74559
14276,39,Sales,44124,72258
14277,62,Engineering,44122,68514
14278,34,Engineering,44124,60352
14279,66,HR,44123,49287
14280,25,Sales,44126,96997
14281,45,Engineering,44124,62539
14282,43,Sales,44124,55611
14283,30,Engineering,44125,83278
14284,29,Engineering,44122,73926
14285,27,Sales,44125,78679
14286,34,Customer Support,44126,89601
14287,46,Engineering,44125,74820
14288,46,Engineering,44125,100596
14289,52,Sales,44124,59936
14290,22,HR,44125,62549
14291,31,Sales,44124,77064
14292,38,Engineering,44124,100509
14293,41,Customer Support,44123,85382
14294,59,Engineering,44125,93346
14295,68,Engineering,44126,56455
14296,57,Engineering,44126,90545
14297,30,Engineering,44124,56159
14298,33,Sales,44126,77464
14299,40,Engineering,44125,58291
14300,35,Engineering,44124,75757
14301,50,Sales,44125,56129
14302,65,Engineering,44125,68700
14303,44,HR,44122,91021
14304,66,Sales,44122,76514
14305,56,HR,44124,80531
14306,38,Sales,44124,76582
14307,60,Engineering,44124,64821
14308,34,Sales,44125,64634
14309,50,Engineering,44124,65601
14310,44,Sales,44124,62533
14311,51,Engineering,44122,91108
14312,62,Customer Support,44122,82681
14313,64,Sales,44125,95751
14314,34,Engineering,44123,61437
14315,45,Engineering,44125,70251
14316,56,Customer Support,44124,66855
14317,28,Customer Support,44123,82055
14318,70,Customer Support,44124,82761
14319,50,Sales,44126,68994
14320,68,Customer Support,44122,72618
14321,31,Engineering,44125,38732
14322,25,Engineering,44122,60592
14323,48,Customer Support,44124,87972
14324,36,Sales,44123,95299
14325,29,Sales,44126,69904
14326,58,Customer Support,44125,81009
14327,37,Engineering,44125,55625
14328,35,Customer Support,44123,84830
14329,38,Engineering,44122,66363
14330,37,HR,44122,49210
14331,68,Engineering,44126,55426
14332,29,Customer Support,44122,71712
14333,46,Engineering,44124,65037
14334,56,Sales,44125,90616
14335,69,Engineering,44123,78622
14336,53,HR,44124,60504
14337,34,Engineering,44124,35000
14338,56,Engineering,44125,61624
14339,30,Engineering,44126,64520
14340,59,Engineering,44126,65954
14341,69,Sales,44125,53447
14342,33,Customer Support,44126,79179
14343,23,Engineering,44123,91140
14344,63,Customer Support,44124,73783
14345,26,Sales,44122,70365
14346,32,Customer Support,44123,78665
14347,73,Engineering,44124,84628
14348,46,Engineering,44124,92685
14349,59,Engineering,44124,54359
14350,61,Sales,44122,73847
14351,46,Engineering,44123,74548
14352,23,Engineering,44124,69620
14353,66,Sales,44125,66925
14354,58,Sales,44126,94639
14355,55,Engineering,44126,57152
14356,72,Sales,44123,72982
14357,40,Engineering,44123,82116
14358,52,Sales,44126,91056
14359,27,Customer Support,44123,72472
14360,68,HR,44125,46991
14361,44,Engineering,44124,49834
14362,55,Sales,44122,44593
14363,69,Sales,44123,49781
14364,56,Engineering,44126,64422
14365,58,Engineering,44124,37880
14366,28,Engineering,44124,43693
14367,33,Engineering,44125,40188
14368,63,Customer Support,44124,64904
14369,50,Customer Support,44126,77676
14370,49,Customer Support,44123,99239
14371,29,Engineering,44123,73448
14372,29,Sales,44122,82160
14373,69,Engineering,44126,57122
14374,62,Engineering,44126,71201
14375,40,Engineering,44122,49349
14376,29,Engineering,44125,84669
14377,45,Sales,44125,54999
14378,63,Sales,44123,81361
14379,58,Customer Support,44124,59716
14380,67,Sales,44124,59969
14381,65,Sales,44123,56778
14382,69,Engineering,44125,80133
14383,71,Sales,44124,83931
14384,24,Engineering,44126,74025
14385,66,HR,44124,72553
14386,61,Customer Support,44126,46458
14387,41,Engineering,44126,41464
14388,53,Engineering,44123,52227
14389,64,Sales,44126,84917
14390,30,Customer Support,44123,71053
14391,62,Engineering,44123,83273
14392,54,Customer Support,44123,100722
14393,54,Engineering,44122,55179
14394,31,Sales,44124,75778
14395,28,Customer Support,44124,68807
14396,41,Customer Support,44126,49459
14397,54,HR,44126,74352
14398,54,Customer Support,44123,70386
14399,64,Sales,44126,61265
14400,34,Engineering,44122,66867
14401,31,Engineering,44126,85075
14402,27,Customer Support,44123,57215
14403,32,Sales,44122,65658
14404,63,Sales,44124,104217
14405,70,HR,44122,94078
14406,70,Sales,44124,73910
14407,24,Customer Support,44123,80781
14408,33,Sales,44126,70003
14409,62,Customer Support,44122,77433
14410,51,HR,44124,70378
14411,59,Sales,44122,70747
14412,23,Engineering,44126,35000
14413,58,Engineering,44123,58225
14414,54,Engineering,44122,63824
14415,52,HR,44125,67880
14416,58,Customer Support,44122,62503
14417,54,Engineering,44123,45035
14418,38,Customer Support,44123,53835
14419,71,HR,44122,56696
14420,37,Engineering,44126,92665
14421,25,Customer Support,44126,73513
14422,29,Customer Support,44125,83719
14423,29,Customer Support,44125,52587
14424,38,Engineering,44122,83902
14425,33,Customer Support,44122,65210
14426,44,Sales,44125,59505
14427,36,Sales,44124,90827
14428,47,Customer Support,44123,46222
14429,56,Executive,44124,91582
14430,73,Sales,44125,73159
14431,48,Engineering,44126,43801
14432,26,HR,44126,35096
14433,42,Engineering,44126,61398
14434,49,Customer Support,44123,73911
14435,37,HR,44125,54391
14436,34,Sales,44126,68859
14437,49,Engineering,44122,59599
14438,54,Engineering,44124,79890
14439,47,Customer Support,44124,76815
14440,65,Engineering,44122,64997
14441,68,Sales,44126,43619
14442,58,Sales,44125,68331
14443,26,Customer Support,44125,83242
14444,29,Engineering,44126,103074
14445,39,Sales,44122,64094
14446,38,Engineering,44122,69207
14447,69,Sales,44122,57908
14448,51,Customer Support,44122,54118
14449,74,Customer Support,44126,91200
14450,39,Customer Support,44124,78106
14451,63,Sales,44126,63403
14452,39,Sales,44126,72078
14453,26,Customer Support,44123,75866
14454,29,Engineering,44125,94580
14455,35,Engineering,44122,101023
14456,56,HR,44125,45928
14457,53,Sales,44123,71264
14458,58,HR,44125,64930
14459,29,Engineering,44126,62159
14460,46,Customer Support,44126,72460
14461,40,Engineering,44122,56020
14462,67,Sales,44125,90748
14463,57,Engineering,44126,71731
14464,45,Sales,44123,49699
14465,71,Engineering,44126,64244
14466,62,Engineering,44123,55803
14467,72,Sales,44125,55087
14468,71,Engineering,44126,83924
14469,74,Engineering,44125,72623
14470,43,Engineering,44125,58492
14471,60,Engineering,44122,80590
14472,56,Sales,44126,81131
14473,50,Engineering,44126,67421
14474,42,Engineering,44124,67799
14475,46,Engineering,44126,63263
14476,72,Engineering,44122,79181
14477,48,Engineering,44123,85565
14478,41,HR,44123,69409
14479,67,Engineering,44126,58382
14480,48,Engineering,44125,89321
14481,41,Engineering,44125,70906
14482,27,Customer Support,44122,76838
14483,65,Customer Support,44126,40239
14484,70,SpecialOps,44125,87705
14485,62,Engineering,44124,96013
14486,62,Engineering,44122,58910
14487,41,HR,44123,72206
14488,26,Sales,44123,68160
14489,59,Customer Support,44124,54842
14490,24,Sales,44126,72110
14491,31,HR,44122,50231
14492,70,Sales,44126,59237
14493,37,Sales,44125,57750
14494,63,Sales,44126,64330
14495,42,Engineering,44125,80106
14496,42,Engineering,44125,62787
14497,33,Sales,44122,73982
14498,71,Engineering,44122,56500
14499,64,Engineering,44126,64260
14500,73,Engineering,44123,78835
14501,33,Sales,44124,61883
14502,62,Sales,44126,74408
14503,36,Engineering,44124,80420
14504,55,Engineering,44122,65535
14505,70,Customer Support,44122,81069
14506,67,Sales,44123,47328
14507,60,Sales,44124,75784
14508,71,Sales,44124,91711
14509,71,HR,44123,58735
14510,59,Sales,44123,71793
14511,62,Sales,44122,82614
14512,39,Engineering,44126,61161
14513,24,Sales,44125,80259
14514,29,Sales,44124,56284
14515,41,HR,44125,64061
14516,71,Sales,44122,105478
14517,47,Engineering,44123,35000
14518,61,Customer Support,44122,84559
14519,56,HR,44122,87968
14520,69,Engineering,44123,53632
14521,27,Sales,44126,82697
14522,28,Engineering,44123,76248
14523,52,Customer Support,44126,79648
14524,35,Customer Support,44124,74436
14525,45,SpecialOps,44125,57648
14526,22,Engineering,44126,75342
14527,63,HR,44124,69395
14528,27,Engineering,44124,76637
14529,44,Sales,44126,47765
14530,33,Customer Support,44126,75599
14531,51,HR,44122,53564
14532,40,HR,44124,78576
14533,34,Sales,44122,64585
14534,74,Engineering,44123,66672
14535,56,Engineering,44125,54936
14536,46,Sales,44125,89557
14537,37,Sales,44122,91136
14538,24,Customer Support,44126,70001
14539,47,HR,44125,70361
14540,42,Customer Support,44125,74999
14541,72,Engineering,44123,46356
14542,38,Sales,44125,61943
14543,29,Engineering,44126,72205
14544,28,Customer Support,44123,80625
14545,68,Engineering,44125,105065
14546,27,Sales,44123,65421
14547,36,Customer Support,44123,76017
14548,27,Engineering,44124,59445
14549,59,Engineering,44125,79725
14550,65,Engineering,44122,42192
14551,35,Engineering,44123,72849
14552,45,Engineering,44124,73735
14553,26,HR,44122,62095
14554,61,Customer Support,44123,61443
14555,63,Engineering,44125,85800
14556,70,Sales,44125,65114
14557,49,Customer Support,44122,52524
14558,23,Engineering,44123,75584
14559,23,Engineering,44126,55974
14560,46,HR,44126,70153
14561,22,Sales,44126,82390
14562,41,Engineering,44126,77718
14563,72,Engineering,44124,79496
14564,68,Engineering,44124,71843
14565,35,Engineering,44123,81876
14566,71,Sales,44126,48213
14567,41,Engineering,44122,53841
14568,63,Sales,44126,63844
14569,56,Sales,44125,60149
14570,66,Customer Support,44124,69328
14571,25,Engineering,44122,64906
14572,35,Engineering,44122,77043
14573,57,Engineering,44126,69489
14574,26,Engineering,44122,77429
14575,24,Engineering,44125,90883
14576,36,Engineering,44122,55182
14577,58,Engineering,44124,75144
14578,62,Sales,44122,50663
14579,35,Sales,44123,51038
14580,63,Engineering,44122,68895
14581,66,Sales,44124,59927
14582,57,Engineering,44124,97875
14583,57,Engineering,44122,68479
14584,65,Engineering,44123,56968
14585,29,Sales,44126,73528
14586,53,Customer Support,44125,71199
14587,56,Engineering,44125,54170
14588,25,Customer Support,44123,62058
14589,58,Customer Support,44124,71210
14590,28,Sales,44124,67464
14591,63,Sales,44123,52485
14592,52,Engineering,44126,53863
14593,31,Engineering,44125,51478
14594,22,Engineering,44126,48785
14595,73,Sales,44122,106546
14596,29,Sales,44124,97556
14597,70,HR,44122,93397
14598,23,Engineering,44122,35000
14599,52,Sales,44122,84988
14600,44,Sales,44126,79935
14601,67,Customer Support,44123,95899
14602,28,Sales,44122,43243
14603,60,Engineering,44126,41136
14604,48,HR,44125,71275
14605,25,Engineering,44123,82846
14606,69,Sales,44126,76107
14607,53,Customer Support,44126,84552
14608,60,Sales,44125,72198
14609,63,Sales,44125,56312
14610,66,Sales,44126,79453
14611,63,Customer Support,44125,74431
14612,69,Engineering,44124,89599
14613,37,Engineering,44125,57612
14614,62,Sales,44123,76834
14615,52,Engineering,44123,76156
14616,31,HR,44123,66090
14617,36,Sales,44126,94206
14618,55,HR,44124,94778
14619,52,Customer Support,44125,65041
14620,31,Customer Support,44125,94372
14621,64,Customer Support,44123,76348
14622,29,Engineering,44125,66220
14623,24,Engineering,44123,73201
14624,56,Engineering,44124,48740
14625,52,Engineering,44124,74080
14626,23,Sales,44126,48671
14627,70,Engineering,44125,71579
14628,40,Sales,44124,51295
14629,46,SpecialOps,44125,93950
14630,22,HR,44124,59378
14631,22,Sales,44126,85517
14632,61,Engineering,44126,61963
14633,51,Customer Support,44122,65112
14634,52,Sales,44125,48226
14635,48,Customer Support,44125,72113
14636,33,HR,44123,62877
14637,66,Customer Support,44123,90613
14638,29,HR,44125,45678
14639,71,Engineering,44124,70637
14640,43,HR,44125,59118
14641,64,Engineering,44125,61862
14642,51,Engineering,44125,72725
14643,39,Engineering,44123,52720
14644,31,Customer Support,44126,57322
14645,50,HR,44125,78870
14646,54,Customer Support,44124,91542
14647,31,Engineering,44122,74365
14648,66,Engineering,44125,89569
14649,24,Engineering,44126,70513
14650,37,Sales,44124,79268
14651,28,Engineering,44124,73655
14652,62,Engineering,44123,65695
14653,41,Sales,44123,72616
14654,60,Sales,44122,75649
14655,52,Engineering,44122,71697
14656,71,Engineering,44126,63092
14657,73,Sales,44125,64819
14658,70,Customer Support,44123,52152
14659,33,HR,44123,65639
14660,45,Engineering,44126,69030
14661,50,Engineering,44124,64919
14662,27,Sales,44125,71659
14663,70,Engineering,44123,75536
14664,60,Engineering,44122,50920
14665,66,Engineering,44125,58025
14666,74,Engineering,44124,63491
14667,48,Engineering,44124,82116
14668,46,HR,44125,68506
14669,23,Engineering,44122,75124
14670,41,Sales,44122,81573
14671,66,Sales,44125,62628
14672,63,Engineering,44125,67961
14673,49,Engineering,44123,87600
14674,44,Engineering,44125,85421
14675,57,Sales,44125,88914
14676,28,Customer Support,44125,86660
14677,36,Engineering,44125,79926
14678,53,Engineering,44126,58248
14679,45,HR,44124,72861
14680,43,Customer Support,44124,99215
14681,54,Engineering,44122,81244
14682,73,Engineering,44124,49295
14683,41,Customer Support,44124,81163
14684,28,Engineering,44123,88736
14685,58,Customer Support,44125,87224
14686,62,Sales,44125,77615
14687,45,Engineering,44124,69451
14688,52,HR,44125,71042
14689,35,Engineering,44124,74526
14690,31,Engineering,44124,45922
14691,48,Engineering,44125,83006
14692,61,SpecialOps,44124,60582
14693,39,Customer Support,44123,48369
14694,69,Customer Support,44126,73791
14695,35,Engineering,44122,67242
14696,53,Customer Support,44126,86229
14697,28,HR,44124,58305
14698,43,Sales,44123,68933
14699,28,Engineering,44125,68919
14700,74,Engineering,44123,48827
14701,28,Sales,44122,79292
14702,33,Customer Support,44125,67902
14703,63,Engineering,44126,44340
14704,58,Customer Support,44123,88026
14705,29,Customer Support,44122,91023
14706,27,Customer Support,44124,62636
14707,46,Engineering,44124,95166
14708,66,Customer Support,44123,51731
14709,33,Engineering,44122,56582
14710,49,Sales,44123,78244
14711,52,Customer Support,44125,46822
14712,50,Sales,44122,89095
14713,71,Customer Support,44125,77071
14714,29,Sales,44124,72011
14715,49,Sales,44125,76165
14716,53,Sales,44125,90450
14717,49,Engineering,44124,37821
14718,43,Sales,44122,60654
14719,42,Engineering,44125,77816
14720,39,Sales,44125,56283
14721,31,Sales,44122,65412
14722,59,Customer Support,44122,101987
14723,70,Sales,44125,59636
14724,40,Sales,44126,56969
14725,68,HR,44124,67227
14726,66,Engineering,44125,38362
14727,53,Engineering,44124,84295
14728,61,Customer Support,44122,66727
14729,62,HR,44126,68465
14730,24,Sales,44124,86781
14731,38,HR,44126,57262
14732,52,Sales,44126,77913
14733,48,Engineering,44125,92852
14734,47,Sales,44125,51253
14735,32,Customer Support,44125,57065
14736,36,Engineering,44123,67807
14737,70,HR,44122,85122
14738,50,Customer Support,44124,47962
14739,34,HR,44126,45580
14740,41,HR,44124,64631
14741,27,HR,44124,46080
14742,35,Engineering,44124,75718
14743,25,Customer Support,44126,73409
14744,37,Engineering,44125,57724
14745,31,Sales,44123,59138
14746,64,Customer Support,44124,60944
14747,26,Sales,44123,66020
14748,37,Engineering,44122,87847
14749,30,Sales,44123,77170
14750,59,Sales,44125,80417
14751,58,Customer Support,44126,49982
14752,66,Sales,44126,60497
14753,54,Sales,44125,80785
14754,41,HR,44125,57965
14755,37,Sales,44122,64913
14756,74,Customer Support,44125,86569
14757,30,Customer Support,44125,71735
14758,70,Engineering,44126,82176
14759,48,Sales,44122,87670
14760,68,Customer Support,44124,85484
14761,54,Customer Support,44125,68212
14762,63,Engineering,44124,72948
14763,51,Customer Support,44123,76237
14764,28,Sales,44122,69901
14765,72,Sales,44124,53349
14766,31,Sales,44124,60133
14767,33,Engineering,44126,69823
14768,28,Engineering,44123,82434
14769,30,Sales,44124,99869
14770,38,Engineering,44122,58100
14771,43,Sales,44126,78663
14772,70,Customer Support,44125,84693
14773,26,Engineering,44126,66322
14774,58,Sales,44125,48247
14775,43,Engineering,44123,70202
14776,48,Sales,44126,56339
14777,45,Engineering,44123,60956
14778,62,Engineering,44124,76498
14779,67,Engineering,44122,71339
14780,52,Sales,44122,86734
14781,54,Engineering,44124,74345
14782,41,Sales,44124,52974
14783,23,Sales,44123,70606
14784,32,Engineering,44126,97299
14785,25,Engineering,44124,62088
14786,41,Engineering,44122,79091
14787,72,Sales,44123,65529
14788,29,HR,44122,51405
14789,64,Engineering,44123,97523
14790,42,Engineering,44123,73187
14791,31,Engineering,44125,86192
14792,60,Sales,44123,65702
14793,33,Customer Support,44126,44145
14794,30,Engineering,44125,72598
14795,58,Engineering,44123,49589
14796,47,Engineering,44123,79008
14797,32,Engineering,44123,70316
14798,49,Sales,44125,80508
14799,56,Engineering,44126,76562
14800,71,Customer Support,44123,85378
14801,43,Engineering,44123,92047
14802,69,Engineering,44122,71955
14803,73,Engineering,44123,73898
14804,61,Customer Support,44122,96038
14805,43,Customer Support,44126,75991
14806,36,Engineering,44126,70725
14807,62,Sales,44124,95150
14808,53,Engineering,44122,89671
14809,25,Engineering,44122,60297
14810,59,Sales,44123,61873
14811,40,Sales,44124,96234
14812,24,Sales,44124,48201
14813,62,Customer Support,44124,74410
14814,38,Customer Support,44126,45082
14815,58,Sales,44125,81472
14816,52,Sales,44124,75338
14817,72,Engineering,44125,68128
14818,52,Engineering,44124,48745
14819,67,Sales,44123,88045
14820,29,Engineering,44122,100319
14821,44,Sales,44125,53783
14822,57,Sales,44125,87093
14823,38,Engineering,44123,66282
14824,28,Sales,44124,56257
14825,57,Sales,44123,99625
14826,22,HR,44123,50121
14827,38,Sales,44122,60460
14828,30,HR,44124,77198
14829,43,Sales,44125,61734
14830,24,Sales,44124,84015
14831,64,Customer Support,44126,68236
14832,59,Sales,44122,71164
14833,65,Sales,44124,57405
14834,74,HR,44123,85273
14835,28,Sales,44123,47993
14836,58,Engineering,44122,88030
14837,22,Sales,44126,85494
14838,50,HR,44123,58951
14839,63,Sales,44124,79294
14840,30,Sales,44123,77641
14841,38,Sales,44123,65225
14842,22,Sales,44126,72707
14843,45,Sales,44126,59036
14844,42,Engineering,44124,37044
14845,36,Sales,44124,69101
14846,37,Sales,44122,75696
14847,67,Sales,44123,78235
14848,71,Sales,44123,111993
14849,74,Sales,44123,61748
14850,68,Engineering,44126,37306
14851,70,Customer Support,44126,60006
14852,48,Sales,44126,65671
14853,61,Engineering,44126,75964
14854,22,Sales,44124,56343
14855,60,Customer Support,44124,52917
14856,72,Sales,44122,66244
14857,35,Customer Support,44125,82264
14858,59,Engineering,44123,35000
14859,57,Engineering,44125,50457
14860,68,Customer Support,44122,48666
14861,70,Customer Support,44126,65833
14862,54,Engineering,44124,80226
14863,41,Sales,44125,66732
14864,50,Engineering,44122,79186
14865,43,Customer Support,44122,62181
14866,29,Engineering,44124,66547
14867,32,Engineering,44122,69368
14868,28,HR,44126,65582
14869,37,Sales,44122,57139
14870,31,Customer Support,44122,79042
14871,48,Engineering,44126,96548
14872,44,Engineering,44124,47177
14873,55,Engineering,44124,78692
14874,45,Sales,44122,93160
14875,33,HR,44123,77661
14876,66,HR,44123,72421
14877,40,Customer Support,44125,74208
14878,39,Sales,44125,80599
14879,27,Sales,44125,74901
14880,39,Sales,44123,78679
14881,34,Sales,44126,63275
14882,58,Sales,44126,58657
14883,69,Customer Support,44126,82487
14884,67,Sales,44126,82896
14885,64,Engineering,44123,70833
14886,29,Engineering,44123,85098
14887,52,Engineering,44122,59030
14888,37,Engineering,44122,68944
14889,38,Engineering,44124,64037
14890,26,Customer Support,44125,81049
14891,57,Engineering,44124,74028
14892,41,Sales,44124,89459
14893,62,Sales,44124,64278
14894,47,Engineering,44126,57826
14895,68,Customer Support,44123,76454
14896,67,Engineering,44122,64331
14897,60,Executive,44125,82084
14898,57,Customer Support,44123,93493
14899,74,Sales,44124,57215
14900,56,Engineering,44124,67459
14901,40,Sales,44123,51219
14902,54,Sales,44123,56644
14903,58,Sales,44122,92499
14904,61,Sales,44125,68639
14905,68,Engineering,44125,71885
14906,28,Engineering,44125,73052
14907,58,Sales,44125,81151
14908,67,Customer Support,44125,78831
14909,72,Engineering,44125,56418
14910,45,Customer Support,44126,45346
14911,65,Customer Support,44125,97356
14912,71,Sales,44122,69589
14913,49,HR,44123,51519
14914,36,Engineering,44125,62740
14915,55,Customer Support,44124,75302
14916,42,Executive,44123,62323
14917,34,Sales,44123,79735
14918,50,Engineering,44126,69524
14919,47,Engineering,44125,96035
14920,28,Sales,44125,71797
14921,56,Sales,44123,63762
14922,25,Sales,44125,51993
14923,61,Sales,44126,85082
14924,70,Engineering,44124,87485
14925,59,Customer Support,44123,77748
14926,26,Engineering,44126,96096
14927,74,Sales,44122,50257
14928,31,Customer Support,44124,52998
14929,62,Customer Support,44126,68806
14930,57,HR,44126,110298
14931,61,Sales,44125,83453
14932,70,Engineering,44124,67682
14933,41,Engineering,44126,60787
14934,69,Engineering,44125,57023
14935,26,Engineering,44123,47042
14936,33,Engineering,44122,78707
14937,61,Engineering,44122,91906
14938,45,Customer Support,44126,55005
14939,52,Engineering,44126,87962
14940,60,Engineering,44123,73908
14941,42,Engineering,44125,36500
14942,28,Sales,44125,81221
14943,58,HR,44122,70287
14944,36,Sales,44123,40383
14945,62,Sales,44125,47007
14946,43,Sales,44125,86392
14947,63,HR,44126,66581
14948,51,HR,44122,65074
14949,74,Sales,44126,78380
14950,34,Engineering,44126,82959
14951,46,Customer Support,44125,52648
14952,24,Customer Support,44124,87395
14953,22,Engineering,44125,106786
14954,52,Engineering,44126,79006
14955,50,HR,44126,39645
14956,44,HR,44123,72250
14957,60,Sales,44125,58089
14958,71,HR,44122,97657
14959,55,Engineering,44123,52419
14960,39,HR,44125,88131
14961,39,Engineering,44123,74177
14962,28,Engineering,44125,81283
14963,38,Sales,44126,86152
14964,57,Engineering,44122,83171
14965,28,Engineering,44126,82648
14966,74,Customer Support,44125,69538
14967,37,Customer Support,44123,77513
14968,70,Engineering,44124,47713
14969,62,Engineering,44126,68805
14970,32,Sales,44122,63267
14971,46,Sales,44123,47800
14972,67,HR,44122,70726
14973,49,Sales,44123,70898
14974,55,Customer Support,44122,79866
14975,58,Engineering,44124,48504
14976,60,Sales,44125,98620
14977,63,Sales,44123,83099
14978,61,Engineering,44122,85786
14979,48,Engineering,44124,88017
14980,50,Engineering,44123,60869
14981,54,Engineering,44123,78265
14982,74,Engineering,44122,68153
14983,68,Customer Support,44123,64702
14984,52,Engineering,44125,57409
14985,71,Customer Support,44125,83622
14986,44,HR,44123,67161
14987,56,Engineering,44122,60428
14988,47,Engineering,44123,61234
14989,68,Sales,44126,61591
14990,51,Customer Support,44124,70863
14991,33,Engineering,44122,63269
14992,67,Engineering,44124,73240
14993,54,Engineering,44126,84339
14994,61,Sales,44125,78225
14995,56,HR,44126,73355
14996,44,Engineering,44125,72444
14997,40,Engineering,44125,74012
14998,56,Engineering,44124,66803
14999,39,Sales,44122,70168
15000,64,Engineering,44125,65260
15001,32,Sales,44122,97676
15002,48,Engineering,44126,56911
15003,43,Sales,44122,75738
15004,27,Engineering,44124,67337
15005,61,Engineering,44125,91931
15006,65,Sales,44123,71176
15007,73,Engineering,44123,74861
15008,63,Sales,44122,82430
15009,74,Sales,44123,42406
15010,69,Customer Support,44123,84388
15011,56,Sales,44122,46274
15012,68,Engineering,44123,70562
15013,59,Engineering,44125,65498
15014,22,Customer Support,44122,52791
15015,63,Sales,44125,52432
15016,54,Sales,44126,62616
15017,48,Engineering,44126,64004
15018,64,Sales,44124,61324
15019,45,Engineering,44123,91326
15020,62,Customer Support,44124,102277
15021,30,Engineering,44123,58457
15022,63,Engineering,44123,60799
15023,53,Customer Support,44124,76000
15024,59,Sales,44126,62252
15025,24,Engineering,44123,68995
15026,37,Sales,44126,68728
15027,67,HR,44125,82808
15028,59,Customer Support,44126,61703
15029,59,Sales,44126,89010
15030,28,Engineering,44124,35691
15031,41,Engineering,44124,75803
15032,40,Engineering,44124,54906
15033,74,Engineering,44122,94522
15034,59,HR,44122,74149
15035,52,Customer Support,44125,50875
15036,63,Engineering,44124,57908
15037,53,Customer Support,44126,56625
15038,49,Engineering,44124,94944
15039,69,Customer Support,44122,65167
15040,66,Sales,44123,89951
15041,54,Engineering,44124,35000
15042,40,Customer Support,44126,76882
15043,50,Sales,44124,45020
15044,27,Sales,44122,86313
15045,48,Sales,44126,76943
15046,54,Sales,44123,65550
15047,67,Engineering,44124,61561
15048,24,Sales,44123,68905
15049,48,Sales,44124,66945
15050,31,Customer Support,44125,65263
15051,52,HR,44125,63904
15052,32,Engineering,44125,46938
15053,74,Engineering,44123,56155
15054,40,Sales,44125,50578
15055,22,Sales,44125,57489
15056,41,Engineering,44122,75313
15057,39,Sales,44123,81969
15058,47,Sales,44125,70233
15059,41,Sales,44123,73660
15060,73,Engineering,44125,77718
15061,27,Engineering,44125,103040
15062,24,Sales,44123,85938
15063,68,Sales,44122,79005
15064,39,Engineering,44124,82906
15065,43,Engineering,44125,62553
15066,43,Customer Support,44125,61749
15067,51,Engineering,44125,85584
15068,71,HR,44126,74351
15069,38,Sales,44122,37545
15070,51,Sales,44124,41893
15071,23,Sales,44126,46666
15072,59,Engineering,44124,59586
15073,35,Sales,44122,55668
15074,41,Engineering,44122,78218
15075,28,Engineering,44124,48500
15076,58,HR,44126,64493
15077,58,Customer Support,44126,87392
15078,43,Engineering,44125,76029
15079,64,Engineering,44123,68396
15080,48,Engineering,44124,82494
15081,40,Sales,44126,81229
15082,25,Sales,44126,68836
15083,49,Customer Support,44126,46533
15084,59,Engineering,44123,86395
15085,43,Customer Support,44124,67032
15086,51,Engineering,44123,35000
15087,35,Sales,44124,92692
15088,57,Sales,44124,57952
15089,26,Sales,44125,58153
15090,61,Sales,44124,75280
15091,65,Engineering,44125,90214
15092,65,HR,44122,61820
15093,45,HR,44123,79892
15094,24,Sales,44125,88168
15095,50,Engineering,44122,66292
15096,63,Engineering,44122,47069
15097,59,Engineering,44124,80601
15098,74,Sales,44124,72952
15099,23,Sales,44122,71124
15100,74,Customer Support,44125,68445
15101,52,Engineering,44122,75525
15102,47,Engineering,44124,119164
15103,58,Sales,44125,83216
15104,55,Engineering,44122,67201
15105,57,Customer Support,44122,78074
15106,42,Sales,44123,80552
15107,38,Sales,44123,65662
15108,32,Customer Support,44125,66463
15109,57,Sales,44125,57115
15110,58,Engineering,44125,92653
15111,54,Customer Support,44122,85758
15112,25,Sales,44124,84840
15113,46,Engineering,44124,85095
15114,52,Sales,44124,81860
15115,41,Sales,44126,74719
15116,67,Customer Support,44125,54665
15117,25,Engineering,44125,62346
15118,26,Engineering,44123,77710
15119,47,HR,44122,68285
15120,65,Customer Support,44122,74011
15121,73,Sales,44124,54340
15122,48,Sales,44126,80306
15123,38,Engineering,44122,86672
15124,41,Customer Support,44125,55860
15125,49,Customer Support,44125,70975
15126,35,Sales,44124,80089
15127,38,Customer Support,44123,104388
15128,28,Engineering,44126,67183
15129,38,Engineering,44122,64942
15130,33,Engineering,44125,51538
15131,31,Sales,44123,39206
15132,43,Engineering,44123,55338
15133,43,Sales,44123,73092
15134,50,Sales,44124,81771
15135,49,Engineering,44124,90436
15136,57,Sales,44123,65857
15137,61,Customer Support,44123,60542
15138,62,Customer Support,44122,83124
15139,35,Sales,44126,63582
15140,50,Sales,44123,63087
15141,66,Engineering,44123,67640
15142,57,Engineering,44126,61010
15143,29,Customer Support,44125,60080
15144,34,Sales,44123,91318
15145,54,Engineering,44125,57979
15146,28,Engineering,44124,70163
15147,61,Sales,44124,63627
15148,32,Sales,44126,73371
15149,58,Engineering,44122,76101
15150,48,Engineering,44124,57132
15151,42,Sales,44123,87625
15152,40,Sales,44123,83487
15153,36,Customer Support,44123,88877
15154,73,Engineering,44124,63676
15155,33,Engineering,44122,78833
15156,54,Sales,44125,57104
15157,56,Engineering,44126,57312
15158,71,Engineering,44125,69302
15159,57,Customer Support,44122,91401
15160,47,Engineering,44122,90801
15161,32,Sales,44126,69957
15162,41,Customer Support,44123,54673
15163,71,Sales,44126,71775
15164,73,Engineering,44124,83417
15165,66,Customer Support,44126,50093
15166,67,Sales,44123,45133
15167,72,HR,44123,76737
15168,28,Customer Support,44124,56461
15169,58,Engineering,44125,70902
15170,58,Customer Support,44125,62442
15171,57,Sales,44123,39247
15172,63,Sales,44125,89455
15173,50,Sales,44126,89595
15174,30,HR,44124,81744
15175,55,Engineering,44126,59478
15176,43,Engineering,44126,72557
15177,60,Sales,44126,66994
15178,45,Customer Support,44125,48161
15179,25,Engineering,44123,65338
15180,52,Engineering,44123,96412
15181,73,Customer Support,44123,69238
15182,42,Engineering,44122,74046
15183,48,Customer Support,44125,75516
15184,42,Customer Support,44125,52344
15185,37,Customer Support,44123,55201
15186,28,HR,44124,67937
15187,70,Sales,44122,73708
15188,70,Engineering,44123,109891
15189,65,Engineering,44123,83431
15190,46,Customer Support,44124,67899
15191,23,Engineering,44123,76038
15192,59,Sales,44124,59035
15193,65,Sales,44124,98877
15194,43,Engineering,44125,71944
15195,34,Sales,44122,66720
15196,33,Engineering,44122,83603
15197,51,Engineering,44122,77497
15198,67,Engineering,44125,79226
15199,47,Customer Support,44124,65369
15200,65,Engineering,44123,61112
15201,58,Sales,44124,60981
15202,67,Customer Support,44126,55661
15203,50,Sales,44123,56168
15204,26,HR,44123,65467
15205,48,Engineering,44122,92394
15206,56,Customer Support,44125,55755
15207,26,Engineering,44123,67060
15208,57,Engineering,44126,74489
15209,47,Sales,44126,90801
15210,62,Sales,44125,77157
15211,59,Sales,44125,71048
15212,49,Engineering,44124,64776
15213,52,Engineering,44124,64374
15214,74,Engineering,44126,89747
15215,26,Customer Support,44122,81950
15216,26,Customer Support,44124,78175
15217,28,Engineering,44122,102338
15218,33,Customer Support,44126,35000
15219,74,Engineering,44122,70754
15220,70,Sales,44124,68818
15221,30,Engineering,44125,65505
15222,26,Engineering,44123,80793
15223,29,Customer Support,44123,82517
15224,49,Sales,44123,68672
15225,74,Engineering,44123,72639
15226,61,Engineering,44125,73188
15227,25,Engineering,44122,63394
15228,44,Engineering,44123,58428
15229,62,HR,44124,80419
15230,70,HR,44123,49002
15231,23,Engineering,44124,53907
15232,29,Customer Support,44123,70723
15233,55,Engineering,44125,70117
15234,38,Sales,44125,89258
15235,43,HR,44123,75608
15236,68,Engineering,44123,79338
15237,52,Engineering,44123,58253
15238,62,Engineering,44123,73428
15239,70,Engineering,44125,57506
15240,26,Customer Support,44122,64084
15241,26,Engineering,44125,69479
15242,53,Engineering,44123,80864
15243,72,Engineering,44124,87112
15244,41,HR,44124,87872
15245,31,HR,44122,60581
15246,59,Engineering,44123,39934
15247,70,Engineering,44122,70614
15248,26,Sales,44124,73337
15249,54,Sales,44126,89562
15250,29,Engineering,44122,76436
15251,71,Customer Support,44122,81421
15252,60,Engineering,44126,71884
15253,34,Engineering,44126,54413
15254,49,Sales,44124,70729
15255,27,Sales,44125,74316
15256,58,Sales,44125,61509
15257,63,Engineering,44126,76554
15258,25,Engineering,44122,58188
15259,41,HR,44126,87931
15260,45,Engineering,44126,61153
15261,68,Sales,44126,76502
15262,47,Engineering,44125,46024
15263,31,Sales,44123,70383
15264,43,Customer Support,44123,77061
15265,38,Sales,44125,87487
15266,55,Customer Support,44126,48214
15267,24,Sales,44126,64015
15268,69,Sales,44125,71121
15269,56,Sales,44124,77277
15270,68,Engineering,44122,44157
15271,51,Engineering,44122,69607
15272,38,Customer Support,44123,68508
15273,33,Customer Support,44123,58775
15274,46,Sales,44122,99411
15275,73,HR,44126,72934
15276,61,Sales,44125,70765
15277,62,Sales,44124,61958
15278,26,HR,44124,49438
15279,68,Sales,44126,53831
15280,46,Engineering,44123,46530
15281,44,Customer Support,44124,73809
15282,59,Sales,44125,50629
15283,30,Sales,44124,68151
15284,34,HR,44125,62316
15285,65,HR,44124,75069
15286,58,Customer Support,44125,79406
15287,29,HR,44124,81756
15288,71,Engineering,44124,60180
15289,73,Sales,44122,67364
15290,43,Sales,44125,74237
15291,29,Engineering,44124,75444
15292,63,Engineering,44124,90770
15293,42,Engineering,44124,73972
15294,71,Customer Support,44125,70788
15295,51,Engineering,44124,93196
15296,55,Engineering,44124,80620
15297,53,Engineering,44124,50007
15298,26,Customer Support,44123,62084
15299,72,Customer Support,44125,69101
15300,59,Engineering,44125,49173
15301,55,Customer Support,44124,57336
15302,57,Customer Support,44125,82823
15303,70,Engineering,44125,56052
15304,26,Sales,44123,87205
15305,74,Engineering,44125,43194
15306,44,Engineering,44122,80974
15307,52,Engineering,44123,66629
15308,74,HR,44126,72355
15309,24,Engineering,44122,68620
15310,40,Customer Support,44122,72329
15311,67,Customer Support,44126,35000
15312,74,HR,44123,70615
15313,27,Sales,44126,60492
15314,61,Sales,44126,41094
15315,23,Sales,44126,74904
15316,51,Engineering,44125,58130
15317,63,Sales,44126,77558
15318,55,Engineering,44123,79542
15319,67,Customer Support,44125,41522
15320,28,Engineering,44125,53922
15321,23,Sales,44125,38397
15322,23,Engineering,44126,80473
15323,68,Customer Support,44123,54334
15324,52,Customer Support,44122,78503
15325,46,Sales,44123,44836
15326,60,Sales,44123,65950
15327,51,Customer Support,44122,91380
15328,33,HR,44122,66840
15329,27,Engineering,44122,69209
15330,29,Sales,44123,85552
15331,54,Customer Support,44124,48089
15332,57,HR,44123,64486
15333,55,HR,44124,86594
15334,71,Engineering,44124,76707
15335,57,Engineering,44122,80462
15336,41,Sales,44123,90014
15337,41,Customer Support,44124,67795
15338,43,Engineering,44124,66456
15339,28,HR,44126,95755
15340,33,Sales,44123,71721
15341,27,Customer Support,44123,79076
15342,52,Sales,44122,57229
15343,25,Engineering,44122,68251
15344,69,Engineering,44122,79802
15345,62,Engineering,44125,75553
15346,72,Sales,44125,48045
15347,47,Sales,44124,82934
15348,56,Sales,44124,46861
15349,48,Sales,44126,68931
15350,46,HR,44124,61451
15351,44,Engineering,44125,35000
15352,58,Engineering,44125,77255
15353,49,Engineering,44123,50441
15354,61,HR,44122,67302
15355,65,Customer Support,44125,72372
15356,58,Sales,44125,53129
15357,53,Sales,44123,72772
15358,33,Sales,44123,50175
15359,38,Engineering,44122,76068
15360,30,HR,44123,96259
15361,71,Customer Support,44126,75932
15362,47,Sales,44124,82087
15363,55,Sales,44122,79600
15364,34,Sales,44125,53688
15365,33,Sales,44126,84967
15366,31,Customer Support,44124,68786
15367,33,HR,44122,63839
15368,49,Engineering,44126,70888
15369,68,Engineering,44124,87129
15370,25,Engineering,44123,76326
15371,35,Sales,44124,61495
15372,25,HR,44124,53851
15373,36,HR,44125,77836
15374,74,Engineering,44125,53486
15375,28,Customer Support,44123,64466
15376,73,Engineering,44126,90077
15377,44,Engineering,44123,76998
15378,36,Engineering,44126,64197
15379,27,Engineering,44125,60068
15380,43,Engineering,44124,70338
15381,47,Sales,44125,86353
15382,48,Sales,44125,48632
15383,66,Engineering,44123,76324
15384,32,Engineering,44125,92013
15385,32,Sales,44122,86350
15386,41,Engineering,44125,97063
15387,29,Customer Support,44122,84878
15388,22,Sales,44123,57405
15389,60,Engineering,44123,61752
15390,35,HR,44123,107068
15391,38,Customer Support,44125,74819
15392,41,HR,44122,70119
15393,58,Sales,44124,82292
15394,41,Sales,44126,81166
15395,68,Sales,44123,67728
15396,55,Customer Support,44126,78860
15397,30,Engineering,44126,82249
15398,65,Sales,44122,95648
15399,38,Sales,44124,64575
15400,53,Engineering,44126,47879
15401,46,Sales,44125,68072
15402,31,Sales,44124,50786
15403,39,Sales,44126,54238
15404,31,Engineering,44123,87622
15405,42,Engineering,44125,66876
15406,66,Sales,44124,74346
15407,64,Engineering,44122,75992
15408,70,Engineering,44123,75815
15409,60,Sales,44122,64739
15410,36,HR,44125,59229
15411,43,Engineering,44125,56422
15412,50,Sales,44122,84248
15413,72,Engineering,44126,71021
15414,71,HR,44124,106043
15415,48,Engineering,44125,73834
15416,74,Sales,44123,78212
15417,44,Engineering,44123,50175
15418,30,Engineering,44124,57192
15419,66,Customer Support,44123,66943
15420,44,Engineering,44125,51840
15421,22,Customer Support,44125,56349
15422,68,Sales,44123,44886
15423,32,Engineering,44124,83765
15424,39,Sales,44124,82580
15425,62,Engineering,44124,110715
15426,74,Engineering,44123,71192
15427,66,Engineering,44122,92276
15428,74,Customer Support,44123,62671
15429,60,Engineering,44123,83659
15430,61,Engineering,44126,58223
15431,67,Sales,44124,79622
15432,51,Customer Support,44123,73679
15433,53,Sales,44125,50123
15434,31,HR,44122,64811
15435,33,Engineering,44124,74402
15436,45,Engineering,44123,77457
15437,63,Engineering,44124,62942
15438,35,Sales,44122,61425
15439,34,Engineering,44122,76255
15440,73,Customer Support,44122,71290
15441,62,Sales,44126,64752
15442,59,Customer Support,44124,64702
15443,40,HR,44122,93198
15444,39,HR,44122,48327
15445,25,Customer Support,44123,88945
15446,43,Sales,44122,71312
15447,56,Engineering,44124,54493
15448,30,Engineering,44125,66592
15449,52,Engineering,44124,80085
15450,31,Engineering,44125,79612
15451,49,Customer Support,44124,64179
15452,35,Customer Support,44125,61715
15453,48,Customer Support,44123,97197
15454,50,Engineering,44124,64662
15455,33,HR,44123,76596
15456,67,Sales,44125,94222
15457,48,HR,44123,63091
15458,63,Sales,44126,91837
15459,32,Customer Support,44123,61140
15460,41,Sales,44126,81856
15461,53,Engineering,44124,83366
15462,70,Customer Support,44126,91948
15463,61,Sales,44123,90407
15464,54,Sales,44126,81037
15465,70,Engineering,44123,61100
15466,64,Engineering,44124,79298
15467,39,Customer Support,44124,63648
15468,36,Sales,44126,55413
15469,50,Engineering,44122,80830
15470,22,Customer Support,44122,53818
15471,57,Sales,44123,70484
15472,31,Customer Support,44123,83897
15473,44,Customer Support,44123,81703
15474,67,HR,44124,77919
15475,29,Sales,44122,77123
15476,32,Customer Support,44124,72025
15477,35,Sales,44122,86703
15478,38,Engineering,44125,36752
15479,49,Sales,44126,61299
15480,30,Customer Support,44125,76670
15481,38,Sales,44125,92228
15482,63,Engineering,44122,62860
15483,28,Engineering,44125,58037
15484,60,Engineering,44124,68357
15485,35,Customer Support,44126,66291
15486,34,Sales,44124,56797
15487,51,Engineering,44123,73318
15488,58,Engineering,44122,82443
15489,72,Engineering,44126,55842
15490,33,Sales,44122,76423
15491,74,Sales,44126,74083
15492,50,HR,44124,51420
15493,46,Engineering,44125,56586
15494,49,Customer Support,44122,91584
15495,31,Customer Support,44125,74132
15496,53,Engineering,44124,86295
15497,33,Sales,44124,55237
15498,35,Customer Support,44123,63915
15499,34,Engineering,44125,51851
15500,49,Engineering,44125,49215
15501,56,Customer Support,44122,63072
15502,67,HR,44126,79603
15503,42,Sales,44124,51715
15504,72,Engineering,44123,45445
15505,47,HR,44123,39196
15506,40,Engineering,44125,60235
15507,23,Sales,44122,56285
15508,70,HR,44126,52338
15509,52,Engineering,44122,67707
15510,53,Sales,44125,77093
15511,23,Customer Support,44125,68038
15512,34,Sales,44125,63935
15513,34,Customer Support,44125,55732
15514,31,Engineering,44124,58995
15515,30,Engineering,44122,86419
15516,60,Engineering,44123,54718
15517,50,Sales,44124,71339
15518,36,Customer Support,44126,74436
15519,23,Engineering,44122,68696
15520,43,Sales,44126,70185
15521,71,Engineering,44124,64665
15522,52,Sales,44122,72450
15523,44,Sales,44125,66697
15524,71,Engineering,44123,64922
15525,71,Customer Support,44124,63341
15526,34,Sales,44126,77664
15527,71,Engineering,44126,78170
15528,66,Engineering,44123,71470
15529,55,HR,44124,62305
15530,61,Engineering,44122,67587
15531,50,Engineering,44126,99952
15532,39,Engineering,44123,64030
15533,35,Customer Support,44124,85280
15534,61,Customer Support,44125,64306
15535,22,Customer Support,44123,56511
15536,51,Sales,44126,66456
15537,73,Engineering,44123,86154
15538,44,Engineering,44126,50739
15539,24,Sales,44124,79440
15540,39,Engineering,44123,75088
15541,39,Engineering,44126,65244
15542,31,Customer Support,44123,46770
15543,25,Customer Support,44122,73914
15544,70,Engineering,44126,114618
15545,42,HR,44126,52986
15546,40,Customer Support,44123,62053
15547,52,Sales,44126,82192
15548,43,Engineering,44123,74437
15549,51,Engineering,44125,67872
15550,67,Engineering,44126,46422
15551,57,Engineering,44124,78061
15552,50,Sales,44126,69586
15553,64,Sales,44125,73285
15554,63,Engineering,44126,70777
15555,35,Engineering,44122,54206
15556,40,Customer Support,44126,70323
15557,25,Engineering,44123,65118
15558,67,Customer Support,44123,78226
15559,59,HR,44122,37123
15560,25,Engineering,44126,80373
15561,59,Engineering,44123,60491
15562,57,Engineering,44122,72045
15563,69,Sales,44125,58760
15564,60,Engineering,44122,93378
15565,24,Sales,44126,67866
15566,46,Customer Support,44123,100032
15567,63,Sales,44124,95879
15568,60,Customer Support,44125,83522
15569,58,Engineering,44123,84358
15570,31,HR,44125,50906
15571,24,Engineering,44125,64837
15572,31,Sales,44125,57269
15573,68,Customer Support,44125,67058
15574,59,Engineering,44124,78921
15575,40,Engineering,44123,70877
15576,35,Engineering,44123,61860
15577,52,Customer Support,44124,59943
15578,41,Customer Support,44126,89310
15579,65,Sales,44122,58498
15580,28,Engineering,44122,68175
15581,40,HR,44122,50616
15582,70,Engineering,44123,79906
15583,30,Engineering,44122,76641
15584,50,Customer Support,44122,67683
15585,60,Sales,44126,39677
15586,71,Customer Support,44126,41621
15587,32,Engineering,44125,83879
15588,58,Sales,44123,56371
15589,27,Engineering,44125,68459
15590,33,Engineering,44125,63059
15591,47,Sales,44126,60051
15592,24,Sales,44123,71070
15593,22,Sales,44122,40342
15594,42,HR,44123,80753
15595,36,Sales,44123,49563
15596,67,Customer Support,44125,54233
15597,43,Engineering,44122,56637
15598,63,Sales,44123,64469
15599,56,Engineering,44124,50702
15600,74,HR,44122,79700
15601,57,Engineering,44123,72283
15602,58,Customer Support,44122,62879
15603,43,Engineering,44124,66639
15604,72,Sales,44125,67955
15605,40,Customer Support,44125,87036
15606,40,Engineering,44125,70244
15607,71,HR,44126,59089
15608,62,Customer Support,44125,43223
15609,41,Sales,44126,61072
15610,38,Sales,44123,60472
15611,43,Sales,44122,92134
15612,48,Customer Support,44123,99844
15613,43,Customer Support,44122,74878
15614,32,Sales,44125,58425
15615,25,Sales,44123,84953
15616,48,Engineering,44123,81755
15617,42,Engineering,44124,52263
15618,36,Sales,44122,58960
15619,34,Engineering,44124,68441
15620,57,Sales,44124,74207
15621,25,HR,44124,66019
15622,58,Sales,44125,51328
15623,38,Sales,44126,77938
15624,55,Sales,44125,80691
15625,26,Customer Support,44123,37229
15626,35,Customer Support,44122,58376
15627,39,HR,44124,70955
15628,23,Engineering,44126,71527
15629,62,HR,44123,73273
15630,36,Engineering,44122,71656
15631,68,Customer Support,44124,73537
15632,25,Sales,44123,76597
15633,30,Engineering,44122,68544
15634,36,Sales,44124,35000
15635,69,Sales,44124,67391
15636,41,HR,44124,48106
15637,71,Engineering,44122,61261
15638,72,Engineering,44123,62021
15639,45,Sales,44125,92748
15640,36,Sales,44125,84409
15641,71,Engineering,44122,72720
15642,74,Customer Support,44124,60951
15643,38,HR,44125,52496
15644,51,Engineering,44124,96158
15645,42,Sales,44126,66389
15646,32,Sales,44124,51912
15647,55,Customer Support,44125,83096
15648,41,Sales,44123,64015
15649,46,HR,44126,63199
15650,61,Sales,44124,69088
15651,71,HR,44124,46783
15652,53,Engineering,44122,87820
15653,56,Customer Support,44123,95821
15654,26,Engineering,44124,94947
15655,72,Engineering,44125,70368
15656,23,Engineering,44124,56911
15657,46,HR,44123,60151
15658,65,Engineering,44122,86099
15659,59,Sales,44123,66519
15660,41,Engineering,44124,96987
15661,29,Engineering,44122,58684
15662,38,Sales,44123,65465
15663,24,Sales,44125,57257
15664,23,Engineering,44122,93422
15665,32,Customer Support,44126,112746
15666,53,Customer Support,44126,53887
15667,60,Customer Support,44124,82343
15668,46,Engineering,44123,76752
15669,73,Sales,44126,72758
15670,29,Sales,44122,63622
15671,41,Sales,44124,55380
15672,43,Sales,44123,75207
15673,39,Engineering,44123,93023
15674,50,Customer Support,44125,72520
15675,59,Customer Support,44124,53404
15676,23,Customer Support,44125,80507
15677,24,Engineering,44123,52556
15678,70,Sales,44124,63294
15679,23,Engineering,44125,86440
15680,65,Sales,44124,109684
15681,54,Engineering,44125,94927
15682,24,Engineering,44126,77807
15683,70,Sales,44126,89617
15684,50,Sales,44126,62694
15685,40,Sales,44123,71740
15686,64,HR,44125,61839
15687,30,Customer Support,44126,83196
15688,34,Engineering,44126,65468
15689,48,Customer Support,44125,96094
15690,30,Customer Support,44126,79364
15691,34,Sales,44123,84568
15692,27,Sales,44124,69854
15693,22,Engineering,44124,73560
15694,68,Engineering,44124,83610
15695,64,HR,44122,53832
15696,62,Engineering,44123,82011
15697,62,HR,44124,81006
15698,47,Customer Support,44126,88101
15699,74,Sales,44124,76048
15700,30,Sales,44122,94473
15701,33,Engineering,44126,63821
15702,53,Engineering,44124,70957
15703,44,Customer Support,44124,46385
15704,35,Engineering,44123,78608
15705,62,Engineering,44122,64502
15706,58,Engineering,44125,51475
15707,41,Sales,44126,94098
15708,69,Sales,44123,65589
15709,64,Sales,44124,69592
15710,66,Customer Support,44126,46218
15711,50,HR,44125,79889
15712,47,Sales,44122,59430
15713,56,Sales,44124,75116
15714,48,Sales,44124,54946
15715,72,Sales,44126,83547
15716,40,Engineering,44125,69969
15717,49,Sales,44123,85004
15718,42,Customer Support,44123,56550
15719,58,Sales,44124,73221
15720,65,Sales,44125,63574
15721,54,Customer Support,44126,70766
15722,72,Sales,44122,66718
15723,31,Engineering,44124,55193
15724,37,Sales,44123,69490
15725,52,Engineering,44124,63088
15726,71,Customer Support,44123,62607
15727,32,HR,44126,67243
15728,36,Engineering,44126,65706
15729,48,Customer Support,44126,59892
15730,47,Sales,44124,63695
15731,51,Sales,44124,75034
15732,71,Customer Support,44126,87325
15733,62,Customer Support,44123,102465
15734,25,Sales,44122,93961
15735,73,Sales,44124,89688
15736,61,Engineering,44123,51781
15737,42,HR,44125,71604
15738,67,Engineering,44123,102767
15739,29,Executive,44122,82287
15740,37,Customer Support,44124,66683
15741,71,Engineering,44124,52508
15742,58,HR,44125,76604
15743,43,Engineering,44125,42507
15744,59,Engineering,44125,74380
15745,25,Engineering,44124,80596
15746,23,HR,44122,85014
15747,43,Sales,44122,78535
15748,69,Sales,44122,56473
15749,56,Engineering,44126,80191
15750,64,HR,44124,59291
15751,43,Engineering,44126,64863
15752,32,Engineering,44124,89514
15753,22,Customer Support,44125,57350
15754,43,Customer Support,44125,52602
15755,26,Engineering,44126,70010
15756,51,Engineering,44122,72092
15757,46,Engineering,44124,62314
15758,24,Engineering,44124,47097
15759,65,HR,44125,66846
15760,57,Engineering,44123,63590
15761,63,Customer Support,44122,84088
15762,25,Sales,44125,59211
15763,65,Sales,44125,63533
15764,50,Customer Support,44126,85479
15765,61,Sales,44125,85386
15766,56,Engineering,44126,78363
15767,73,Sales,44125,60900
15768,72,Sales,44124,70804
15769,22,Sales,44126,71722
15770,41,Customer Support,44123,72392
15771,34,Sales,44122,85260
15772,66,Customer Support,44122,66183
15773,43,Customer Support,44125,77109
15774,43,Sales,44125,65649
15775,47,Sales,44122,52266
15776,60,Engineering,44122,63987
15777,62,HR,44124,73506
15778,58,Sales,44124,55050
15779,70,Engineering,44126,55541
15780,59,Sales,44122,66577
15781,24,Sales,44126,53768
15782,64,Sales,44122,44943
15783,26,Engineering,44122,59610
15784,27,Engineering,44123,72413
15785,28,Customer Support,44124,53363
15786,68,HR,44125,74837
15787,64,Engineering,44125,82250
15788,59,Engineering,44122,98764
15789,35,Engineering,44126,61025
15790,53,Customer Support,44123,56963
15791,42,Engineering,44125,66146
15792,74,Engineering,44125,62031
15793,69,Customer Support,44123,73170
15794,32,Engineering,44125,65241
15795,52,Engineering,44124,51820
15796,43,Engineering,44123,58749
15797,27,Customer Support,44122,48802
15798,23,Sales,44126,69156
15799,30,Customer Support,44126,73242
15800,63,Sales,44123,78097
15801,24,Customer Support,44126,56673
15802,70,Sales,44125,100025
15803,33,Sales,44123,85234
15804,46,Engineering,44124,79595
15805,27,Sales,44126,53025
15806,47,Engineering,44124,67375
15807,25,Engineering,44122,54459
15808,51,Sales,44122,65446
15809,47,Sales,44122,72040
15810,64,Customer Support,44122,84070
15811,62,Customer Support,44126,76300
15812,62,Sales,44123,89648
15813,41,Sales,44125,57599
15814,56,Engineering,44124,74771
15815,25,Customer Support,44124,58804
15816,55,HR,44123,65602
15817,40,Sales,44123,73311
15818,51,Engineering,44123,52522
15819,52,Engineering,44126,55393
15820,30,Engineering,44126,54531
15821,49,Customer Support,44124,77276
15822,65,Engineering,44123,75456
15823,54,Customer Support,44123,51023
15824,56,Customer Support,44124,95661
15825,47,HR,44125,48165
15826,30,Sales,44122,58280
15827,44,Engineering,44123,41951
15828,65,HR,44122,59740
15829,30,Sales,44126,83298
15830,73,Engineering,44125,61921
15831,33,Customer Support,44124,64364
15832,29,Customer Support,44126,72862
15833,47,Engineering,44125,99460
15834,52,Sales,44124,79536
15835,73,HR,44124,68456
15836,64,Sales,44126,48280
15837,42,Engineering,44122,62087
15838,43,Customer Support,44124,79024
15839,34,Engineering,44122,59402
15840,72,HR,44126,82554
15841,25,Engineering,44124,56593
15842,40,Customer Support,44125,80627
15843,26,Sales,44122,53504
15844,67,Engineering,44123,62000
15845,24,Engineering,44126,72990
15846,32,HR,44124,72791
15847,68,Engineering,44123,77570
15848,71,Engineering,44124,68587
15849,30,Engineering,44124,65318
15850,31,Engineering,44125,72820
15851,45,Engineering,44125,58880
15852,43,Engineering,44124,50454
15853,32,HR,44125,65131
15854,40,Engineering,44123,70422
15855,52,Engineering,44123,50187
15856,64,Sales,44123,78138
15857,46,Sales,44122,71164
15858,23,Engineering,44126,35000
15859,34,HR,44123,82209
15860,24,Engineering,44124,72930
15861,29,Sales,44124,64948
15862,25,HR,44124,83767
15863,28,Engineering,44125,74401
15864,42,Customer Support,44124,100967
15865,54,Customer Support,44126,72997
15866,22,Sales,44125,62916
15867,56,Sales,44125,80808
15868,42,Engineering,44122,70692
15869,61,Customer Support,44126,93443
15870,25,Engineering,44124,47576
15871,35,Engineering,44125,54967
15872,61,Engineering,44126,63643
15873,42,Customer Support,44122,66822
15874,26,Engineering,44125,84955
15875,64,Customer Support,44122,58451
15876,30,Sales,44124,60303
15877,32,Engineering,44123,80870
15878,52,Sales,44123,59529
15879,72,Engineering,44126,75709
15880,26,Customer Support,44125,53794
15881,48,Engineering,44125,77206
15882,63,Engineering,44126,100331
15883,36,Engineering,44123,49697
15884,61,Sales,44122,55675
15885,39,Sales,44124,69332
15886,37,Engineering,44125,35000
15887,41,Sales,44122,61213
15888,31,Customer Support,44123,67675
15889,59,HR,44122,88270
15890,55,Sales,44123,69662
15891,31,Customer Support,44122,67560
15892,56,Engineering,44125,65068
15893,32,Engineering,44126,72451
15894,46,Sales,44123,43462
15895,43,Engineering,44123,58470
15896,25,Engineering,44125,80213
15897,27,Engineering,44122,81640
15898,65,HR,44122,53049
15899,32,HR,44126,70397
15900,53,Engineering,44126,81680
15901,43,Engineering,44123,67427
15902,37,Sales,44123,71085
15903,51,Customer Support,44126,71641
15904,63,HR,44124,61595
15905,58,HR,44126,75133
15906,22,Engineering,44125,77269
15907,68,Engineering,44126,77753
15908,36,Customer Support,44125,86318
15909,25,Engineering,44125,72405
15910,39,Engineering,44122,58447
15911,49,Customer Support,44126,86036
15912,50,Sales,44123,65895
15913,38,HR,44123,73116
15914,35,Sales,44123,70934
15915,48,Customer Support,44126,65389
15916,68,Engineering,44122,67162
15917,45,Sales,44123,75130
15918,32,Engineering,44126,58282
15919,51,HR,44126,71577
15920,27,Customer Support,44124,91381
15921,22,Customer Support,44123,90565
15922,38,Sales,44125,71375
15923,40,Engineering,44123,65662
15924,66,Sales,44122,64417
15925,32,Sales,44123,83802
15926,54,Sales,44122,106515
15927,66,Customer Support,44124,79044
15928,44,Sales,44126,81949
15929,52,Engineering,44122,60304
15930,26,Engineering,44126,82962
15931,24,Customer Support,44126,68808
15932,53,Engineering,44122,70984
15933,22,Engineering,44126,52224
15934,51,Engineering,44125,67066
15935,24,Sales,44125,57554
15936,49,Sales,44123,41073
15937,67,HR,44123,48217
15938,45,Sales,44125,35000
15939,30,Engineering,44126,61472
15940,47,Sales,44125,67537
15941,62,Engineering,44122,75021
15942,57,HR,44124,65185
15943,54,Customer Support,44126,64364
15944,38,Engineering,44123,65008
15945,23,Sales,44123,82600
15946,28,Engineering,44125,55837
15947,30,Customer Support,44125,65191
15948,46,Engineering,44125,38239
15949,74,Engineering,44123,60833
15950,52,Engineering,44123,66884
15951,49,Sales,44124,87159
15952,52,Engineering,44126,74630
15953,37,Customer Support,44122,49524
15954,55,Sales,44123,78365
15955,22,HR,44122,80819
15956,44,Customer Support,44125,61772
15957,46,Customer Support,44122,51544
15958,22,HR,44126,73294
15959,57,Sales,44122,105748
15960,35,Customer Support,44123,58473
15961,62,Customer Support,44124,62499
15962,33,Sales,44123,70400
15963,33,Sales,44126,64707
15964,55,Sales,44125,63414
15965,37,Engineering,44122,89824
15966,27,Sales,44123,98769
15967,34,Engineering,44125,67648
15968,24,Customer Support,44124,67763
15969,24,Customer Support,44126,86359
15970,74,Engineering,44125,51347
15971,34,HR,44126,44321
15972,22,HR,44125,65851
15973,38,Sales,44125,78844
15974,33,Engineering,44122,63989
15975,43,Customer Support,44123,74510
15976,67,Engineering,44126,70025
15977,59,Sales,44123,67772
15978,65,Customer Support,44122,79480
15979,33,Sales,44123,61759
15980,46,HR,44122,80034
15981,49,Customer Support,44123,66704
15982,52,Engineering,44123,79558
15983,69,Engineering,44122,81943
15984,54,Engineering,44126,35000
15985,28,Engineering,44124,41711
15986,41,Sales,44122,62461
15987,70,Engineering,44122,42722
15988,46,Customer Support,44124,62483
15989,42,Engineering,44125,49656
15990,33,Engineering,44126,85182
15991,73,Engineering,44126,68541
15992,25,Engineering,44124,76775
15993,55,Engineering,44123,55220
15994,70,Engineering,44124,61676
15995,38,Sales,44124,57228
15996,28,Engineering,44126,49359
15997,33,Engineering,44122,43671
15998,55,Sales,44123,71896
15999,38,Engineering,44126,81603
16000,40,Sales,44122,39765
16001,40,HR,44122,47286
16002,55,Sales,44125,76672
16003,58,Engineering,44125,102145
16004,53,Engineering,44124,69754
16005,66,Customer Support,44124,73915
16006,30,Sales,44126,90394
16007,46,Sales,44122,70500
16008,57,Customer Support,44123,69997
16009,65,Engineering,44123,76844
16010,53,Sales,44126,61798
16011,40,Customer Support,44125,82179
16012,31,Sales,44124,53402
16013,43,Customer Support,44125,55749
16014,24,Engineering,44126,63086
16015,49,Engineering,44122,89036
16016,73,Engineering,44123,83621
16017,43,Sales,44122,60341
16018,73,Engineering,44125,56700
16019,67,Engineering,44122,86996
16020,25,Customer Support,44125,67257
16021,37,Customer Support,44123,80209
16022,36,Engineering,44122,53661
16023,47,HR,44126,64940
16024,50,Engineering,44122,89859
16025,22,HR,44125,77160
16026,74,Sales,44125,76027
16027,47,Sales,44124,80437
16028,42,Customer Support,44124,64959
16029,74,Customer Support,44124,55206
16030,31,Sales,44122,62495
16031,55,HR,44125,74097
16032,70,Sales,44122,78331
16033,70,Engineering,44125,66784
16034,72,Engineering,44125,68063
16035,36,Sales,44122,91354
16036,56,Customer Support,44126,63177
16037,64,Engineering,44124,51510
16038,26,Engineering,44126,81081
16039,24,HR,44124,66226
16040,43,Customer Support,44124,77411
16041,51,Sales,44126,82650
16042,31,Executive,44122,75478
16043,66,Sales,44126,63217
16044,67,Customer Support,44124,69222
16045,73,Engineering,44124,95274
16046,47,Customer Support,44124,45194
16047,63,Customer Support,44126,77470
16048,74,HR,44124,76271
16049,22,Sales,44126,78642
16050,56,Customer Support,44125,70530
16051,67,Engineering,44123,55574
16052,34,Engineering,44126,73817
16053,43,Sales,44125,70314
16054,64,Customer Support,44124,71846
16055,63,Engineering,44122,71351
16056,49,Engineering,44123,82648
16057,54,HR,44126,67294
16058,26,Customer Support,44124,64245
16059,49,Engineering,44126,52440
16060,60,Sales,44126,57197
16061,31,HR,44124,66048
16062,26,Engineering,44125,72450
16063,27,Customer Support,44126,56257
16064,47,HR,44126,68304
16065,37,Engineering,44122,51421
16066,50,Sales,44124,67599
16067,35,Engineering,44124,54519
16068,30,HR,44124,59934
16069,41,Sales,44125,77899
16070,27,Sales,44124,73419
16071,59,Engineering,44124,75291
16072,54,Customer Support,44124,53341
16073,31,Sales,44124,91469
16074,23,Sales,44125,87794
16075,51,Sales,44126,65313
16076,63,Customer Support,44123,67612
16077,38,Sales,44126,63097
16078,48,Engineering,44125,89256
16079,28,Sales,44122,75367
16080,22,Sales,44125,86573
16081,52,HR,44125,84289
16082,22,Engineering,44125,71646
16083,31,Sales,44123,83044
16084,48,Engineering,44122,69596
16085,65,Engineering,44122,69559
16086,66,Sales,44126,69275
16087,71,Sales,44124,55909
16088,50,Sales,44125,90191
16089,62,Sales,44126,55630
16090,39,Engineering,44122,48687
16091,31,Sales,44124,60896
16092,42,Customer Support,44126,71985
16093,71,HR,44122,61839
16094,38,Engineering,44126,55382
16095,49,Customer Support,44123,64376
16096,61,Sales,44123,82210
16097,50,Engineering,44126,101801
16098,70,Engineering,44126,66943
16099,53,HR,44122,46959
16100,57,Sales,44123,73680
16101,36,Customer Support,44123,84517
16102,61,HR,44125,94527
16103,63,HR,44124,65796
16104,26,Engineering,44123,78782
16105,57,Engineering,44122,79268
16106,41,Sales,44124,66248
16107,28,Customer Support,44124,80093
16108,47,Customer Support,44124,48795
16109,40,Engineering,44124,81388
16110,64,Engineering,44124,81318
16111,56,Engineering,44124,77495
16112,23,Sales,44125,80390
16113,52,Engineering,44124,66775
16114,31,Sales,44126,64489
16115,73,Sales,44126,49614
16116,63,Sales,44124,66630
16117,31,Engineering,44123,76210
16118,63,Engineering,44123,75703
16119,35,Sales,44126,49430
16120,33,Engineering,44123,92667
16121,58,Sales,44125,97338
16122,74,Engineering,44122,49535
16123,59,Engineering,44123,56492
16124,56,HR,44124,93744
16125,59,Engineering,44126,79355
16126,28,Sales,44124,59138
16127,26,Engineering,44122,68861
16128,39,Customer Support,44125,45491
16129,44,Sales,44122,64393
16130,22,Sales,44123,45617
16131,72,Sales,44125,82000
16132,43,Customer Support,44124,56181
16133,29,Customer Support,44125,87185
16134,35,Customer Support,44126,61366
16135,51,Customer Support,44126,49209
16136,65,Engineering,44122,48672
16137,34,Engineering,44124,77330
16138,29,Sales,44126,82475
16139,37,Sales,44123,52601
16140,59,Sales,44124,61891
16141,38,Sales,44124,49834
16142,55,Sales,44122,86247
16143,37,Engineering,44122,78578
16144,67,Sales,44122,55551
16145,35,Sales,44122,55944
16146,54,Engineering,44126,51500
16147,58,Customer Support,44122,95816
16148,37,Sales,44126,74813
16149,56,HR,44122,69509
16150,56,Sales,44122,56486
16151,60,HR,44123,88460
16152,65,Customer Support,44123,78667
16153,27,Engineering,44124,96714
16154,42,HR,44123,76114
16155,36,Customer Support,44122,46718
16156,48,Customer Support,44126,75826
16157,31,Engineering,44124,70543
16158,64,Customer Support,44124,94234
16159,72,HR,44124,54860
16160,49,Sales,44126,77655
16161,32,Sales,44125,65352
16162,69,Customer Support,44126,91741
16163,34,Customer Support,44123,69030
16164,50,Sales,44122,93496
16165,51,Sales,44125,65248
16166,65,Customer Support,44122,92398
16167,63,Engineering,44124,70347
16168,28,Engineering,44122,80312
16169,39,Engineering,44126,91520
16170,44,Engineering,44126,103000
16171,66,Sales,44126,55194
16172,26,Engineering,44122,65553
16173,61,Customer Support,44126,60380
16174,33,Sales,44124,64280
16175,61,Customer Support,44123,72942
16176,52,Engineering,44125,77254
16177,73,Engineering,44124,89461
16178,43,Engineering,44124,77868
16179,69,Engineering,44123,66955
16180,32,Sales,44124,68016
16181,57,Executive,44125,74287
16182,46,Sales,44126,79507
16183,32,Sales,44124,86597
16184,40,Customer Support,44122,54198
16185,40,Engineering,44123,63822
16186,48,Engineering,44123,63002
16187,50,Customer Support,44125,86640
16188,36,Sales,44123,83763
16189,49,HR,44125,45424
16190,39,Customer Support,44123,67586
16191,71,Engineering,44122,73064
16192,30,Sales,44122,42880
16193,41,Sales,44126,70245
16194,34,Sales,44126,81400
16195,63,Engineering,44122,54954
16196,41,Engineering,44126,53825
16197,44,Engineering,44124,51941
16198,64,HR,44123,54704
16199,58,Engineering,44123,81139
16200,70,HR,44122,88529
16201,35,Engineering,44122,42075
16202,70,Engineering,44125,85957
16203,35,HR,44123,67950
16204,38,Executive,44123,81971
16205,23,Engineering,44122,70225
16206,56,Sales,44126,35000
16207,28,Engineering,44126,60616
16208,44,Sales,44122,80069
16209,50,Sales,44123,64821
16210,23,Sales,44124,95211
16211,45,Customer Support,44124,64188
16212,31,Customer Support,44124,75275
16213,44,Sales,44123,99504
16214,61,Engineering,44125,79500
16215,26,Customer Support,44123,43787
16216,42,Customer Support,44124,66295
16217,30,Sales,44126,72978
16218,70,Engineering,44123,57978
16219,56,Engineering,44124,72589
16220,34,Engineering,44125,54874
16221,33,Engineering,44124,76299
16222,65,Sales,44122,67875
16223,59,Engineering,44125,60413
16224,72,Sales,44125,80447
16225,74,Sales,44122,64190
16226,40,Sales,44123,80785
16227,32,Engineering,44124,79672
16228,23,Sales,44124,78394
16229,42,HR,44125,83071
16230,55,Engineering,44125,71623
16231,29,Engineering,44124,71796
16232,31,Sales,44123,72011
16233,31,Engineering,44124,66897
16234,60,Customer Support,44124,89256
16235,32,Sales,44123,74285
16236,66,Customer Support,44126,66813
16237,34,HR,44126,63404
16238,67,Engineering,44125,46298
16239,64,HR,44125,60790
16240,48,Engineering,44123,67832
16241,49,Engineering,44125,37542
16242,41,Engineering,44123,63752
16243,57,Sales,44123,43643
16244,58,Customer Support,44123,52251
16245,22,Engineering,44123,87472
16246,72,Sales,44125,89320
16247,60,Sales,44122,64885
16248,41,Sales,44123,61547
16249,68,Customer Support,44122,70986
16250,62,HR,44124,85024
16251,52,Engineering,44125,58688
16252,59,Executive,44124,43638
16253,48,Sales,44122,77752
16254,69,HR,44124,104588
16255,40,Customer Support,44122,59523
16256,71,Engineering,44125,46520
16257,67,Engineering,44123,93874
16258,69,Engineering,44125,35000
16259,68,Customer Support,44126,75679
16260,40,Engineering,44126,55749
16261,38,Sales,44125,84518
16262,74,HR,44123,74516
16263,43,Customer Support,44125,64073
16264,25,HR,44122,81729
16265,36,Customer Support,44124,86876
16266,34,Sales,44123,94089
16267,65,Sales,44123,96839
16268,44,Engineering,44123,56302
16269,51,Sales,44123,74360
16270,44,HR,44125,67733
16271,28,Engineering,44122,83603
16272,40,Engineering,44123,66162
16273,52,Engineering,44125,80838
16274,63,Customer Support,44126,84479
16275,58,Engineering,44126,59624
16276,29,Engineering,44126,57185
16277,34,Engineering,44124,60763
16278,36,Sales,44122,78682
16279,35,Customer Support,44122,38382
16280,28,Sales,44125,73194
16281,39,Customer Support,44122,92296
16282,68,Engineering,44123,56656
16283,71,Engineering,44125,68103
16284,70,Sales,44124,89358
16285,46,Sales,44123,69784
16286,32,Engineering,44122,51799
16287,51,Sales,44122,59923
16288,40,Engineering,44125,61373
16289,60,Engineering,44122,65571
16290,62,Customer Support,44125,73984
16291,49,Engineering,44122,54469
16292,73,Engineering,44123,106012
16293,34,Engineering,44123,60147
16294,61,Customer Support,44123,84956
16295,39,Sales,44123,78989
16296,60,Engineering,44123,100341
16297,45,Customer Support,44125,92460
16298,55,Sales,44126,52587
16299,25,Engineering,44124,75179
16300,40,Sales,44124,85744
16301,36,Sales,44126,60787
16302,51,Sales,44126,70325
16303,51,Sales,44122,70982
16304,59,Customer Support,44124,43093
16305,49,Customer Support,44126,71859
16306,43,Engineering,44122,66685
16307,63,Engineering,44124,63855
16308,23,Sales,44123,93351
16309,70,Sales,44125,65936
16310,47,Engineering,44124,70575
16311,73,Engineering,44122,43003
16312,32,Customer Support,44125,48698
16313,38,Engineering,44122,89644
16314,50,Engineering,44125,81977
16315,55,Sales,44122,42835
16316,48,Customer Support,44126,85032
16317,54,Engineering,44123,82969
16318,30,Engineering,44125,56926
16319,43,Customer Support,44124,46542
16320,63,Sales,44123,65098
16321,73,Engineering,44124,100221
16322,23,Engineering,44125,94841
16323,58,Engineering,44124,107000
16324,43,Sales,44126,92084
16325,41,Engineering,44124,86633
16326,26,Sales,44124,92990
16327,58,Customer Support,44126,84617
16328,57,Sales,44124,57825
16329,68,HR,44123,72053
16330,42,Sales,44125,91307
16331,58,HR,44124,38404
16332,73,Sales,44123,72002
16333,43,Sales,44123,84451
16334,30,Engineering,44126,92611
16335,62,Sales,44125,39703
16336,73,Engineering,44125,63317
16337,60,Sales,44122,68491
16338,53,Engineering,44126,72075
16339,69,Engineering,44126,77687
16340,37,Sales,44122,62846
16341,43,Customer Support,44122,65883
16342,23,Engineering,44123,47134
16343,31,Engineering,44124,64013
16344,64,Engineering,44123,40213
16345,43,Customer Support,44126,93681
16346,34,Sales,44125,75421
16347,40,Sales,44126,69267
16348,62,Sales,44124,70905
16349,51,Customer Support,44124,72257
16350,35,Engineering,44124,62008
16351,57,Engineering,44123,54128
16352,42,HR,44123,71115
16353,42,Customer Support,44123,65320
16354,55,Sales,44124,76310
16355,60,Sales,44125,83288
16356,26,Engineering,44123,52799
16357,32,HR,44123,52934
16358,49,Sales,44123,76283
16359,25,Sales,44122,43644
16360,68,Customer Support,44124,90441
16361,53,Sales,44126,44686
16362,52,Sales,44122,87013
16363,44,Engineering,44125,72239
16364,38,Sales,44125,99912
16365,34,Sales,44123,57124
16366,71,Customer Support,44125,79995
16367,67,HR,44122,89926
16368,58,Engineering,44122,80419
16369,33,Customer Support,44123,67389
16370,72,Sales,44124,66119
16371,59,Customer Support,44125,85513
16372,63,HR,44122,59767
16373,49,Sales,44126,68809
16374,29,Engineering,44123,67719
16375,39,Engineering,44125,76639
16376,60,Sales,44125,65749
16377,52,HR,44125,61926
16378,57,Sales,44126,101432
16379,54,Sales,44126,76921
16380,58,Engineering,44124,67619
16381,36,HR,44122,76624
16382,28,Engineering,44124,56694
16383,73,Engineering,44126,61739
16384,51,Engineering,44122,65357
16385,36,Customer Support,44124,66590
16386,64,Engineering,44122,84862
16387,35,Engineering,44122,56174
16388,24,Engineering,44126,57988
16389,52,Customer Support,44124,62201
16390,56,Engineering,44124,78830
16391,34,HR,44125,60318
16392,54,Engineering,44123,53896
16393,22,HR,44125,75724
16394,22,Sales,44122,46672
16395,51,Executive,44124,93331
16396,27,Engineering,44124,79966
16397,32,Customer Support,44124,64821
16398,51,Customer Support,44125,74411
16399,56,Engineering,44125,92134
16400,72,Customer Support,44123,72096
16401,51,HR,44124,61432
16402,24,Engineering,44125,86229
16403,71,Engineering,44124,72944
16404,36,Sales,44126,91418
16405,54,Engineering,44125,52998
16406,33,Sales,44125,76316
16407,40,Sales,44126,90616
16408,74,HR,44126,66393
16409,30,Sales,44125,77328
16410,73,Engineering,44126,90253
16411,42,Sales,44126,67568
16412,30,Engineering,44124,75297
16413,68,Sales,44122,100906
16414,60,Engineering,44124,54660
16415,38,Engineering,44124,65095
16416,52,Engineering,44125,66183
16417,25,Sales,44124,64194
16418,73,Engineering,44124,100013
16419,22,Engineering,44123,69884
16420,64,Engineering,44122,81495
16421,72,Sales,44124,61517
16422,26,HR,44123,69143
16423,56,Sales,44122,81135
16424,62,Customer Support,44123,104682
16425,36,Customer Support,44122,75222
16426,30,Engineering,44125,74525
16427,46,Engineering,44122,50875
16428,52,Engineering,44123,83283
16429,63,Customer Support,44123,68962
16430,24,Sales,44123,105839
16431,67,Customer Support,44123,71530
16432,61,HR,44122,96896
16433,47,Sales,44126,52541
16434,66,Customer Support,44122,63587
16435,49,HR,44125,65262
16436,35,Engineering,44126,52100
16437,69,Sales,44126,85250
16438,73,Sales,44126,83377
16439,45,Engineering,44125,54935
16440,36,Sales,44125,54262
16441,28,Customer Support,44125,53277
16442,27,Sales,44125,84396
16443,66,Customer Support,44123,58869
16444,28,Sales,44123,72779
16445,57,Engineering,44126,82766
16446,46,Customer Support,44124,41428
16447,41,Engineering,44126,61794
16448,37,Sales,44122,66211
16449,67,Engineering,44124,89778
16450,60,Engineering,44123,82663
16451,34,Engineering,44126,92581
16452,52,Sales,44126,74837
16453,51,HR,44125,59164
16454,71,Sales,44124,54264
16455,74,HR,44125,97226
16456,26,Engineering,44122,73035
16457,43,Engineering,44126,74460
16458,37,Sales,44124,97878
16459,42,Customer Support,44125,78488
16460,73,Sales,44126,68552
16461,33,Engineering,44126,65785
16462,24,Engineering,44123,105136
16463,23,Customer Support,44122,64550
16464,22,Customer Support,44126,70074
16465,73,Sales,44125,42949
16466,65,Engineering,44125,75194
16467,36,Engineering,44122,107039
16468,62,Customer Support,44123,79844
16469,26,Customer Support,44122,72227
16470,45,HR,44123,66489
16471,35,Engineering,44126,51997
16472,41,Customer Support,44124,64101
16473,33,HR,44125,97599
16474,25,Customer Support,44124,69386
16475,63,Engineering,44126,58959
16476,24,Customer Support,44123,85702
16477,48,Engineering,44125,49532
16478,45,Sales,44124,74710
16479,61,Customer Support,44125,66136
16480,59,Customer Support,44123,85676
16481,28,Customer Support,44125,46271
16482,59,Engineering,44123,86682
16483,42,Sales,44122,75429
16484,61,Engineering,44126,95153
16485,65,Sales,44123,61263
16486,67,Sales,44124,51243
16487,64,Customer Support,44125,90884
16488,63,Customer Support,44125,72599
16489,46,Engineering,44125,68475
16490,31,Sales,44125,56560
16491,24,HR,44122,58020
16492,27,HR,44122,73835
16493,68,Customer Support,44125,67452
16494,56,HR,44124,84298
16495,45,Engineering,44125,66003
16496,31,Customer Support,44123,55379
16497,53,Engineering,44122,74844
16498,41,Engineering,44126,42042
16499,61,Engineering,44124,73993
16500,44,Sales,44122,91570
16501,65,Sales,44126,71879
16502,32,Engineering,44122,64573
16503,26,HR,44126,36589
16504,24,Customer Support,44124,66528
16505,29,Engineering,44122,79707
16506,52,HR,44125,71723
16507,53,Engineering,44124,89215
16508,57,Sales,44122,71765
16509,30,Customer Support,44123,62895
16510,54,Sales,44123,92125
16511,30,Engineering,44123,52448
16512,26,Sales,44123,48764
16513,36,Sales,44122,51884
16514,72,Engineering,44125,42270
16515,64,Sales,44123,37146
16516,60,Sales,44124,69925
16517,71,Engineering,44122,77976
16518,38,Engineering,44125,104156
16519,56,Engineering,44124,55773
16520,69,Engineering,44126,69419
16521,71,Engineering,44122,53734
16522,41,Engineering,44122,115944
16523,58,Engineering,44124,56101
16524,52,Sales,44123,81745
16525,22,Customer Support,44122,36690
16526,29,Customer Support,44122,46104
16527,36,Sales,44124,51688
16528,51,Sales,44122,63704
16529,43,Engineering,44122,43578
16530,61,Sales,44125,65708
16531,65,Engineering,44125,78630
16532,22,Engineering,44124,77626
16533,52,Engineering,44125,62851
16534,68,HR,44124,84356
16535,57,Sales,44124,44596
16536,52,Sales,44123,74569
16537,45,Sales,44122,40142
16538,70,HR,44122,41157
16539,33,Customer Support,44122,62467
16540,27,Engineering,44122,55755
16541,73,Engineering,44125,58933
16542,50,Sales,44125,50488
16543,66,Customer Support,44125,73060
16544,56,Customer Support,44126,82781
16545,53,Customer Support,44123,58761
16546,69,Customer Support,44122,74817
16547,67,Customer Support,44124,63543
16548,56,Engineering,44125,64769
16549,67,Customer Support,44126,55922
16550,42,Customer Support,44126,51263
16551,24,Engineering,44125,70779
16552,24,Customer Support,44124,72452
16553,38,Engineering,44124,72357
16554,42,Engineering,44122,81937
16555,48,Engineering,44126,77496
16556,24,HR,44122,87385
16557,43,Sales,44126,111443
16558,67,HR,44122,75394
16559,38,HR,44122,82647
16560,54,Engineering,44126,66008
16561,22,Customer Support,44126,50786
16562,74,Sales,44124,43444
16563,61,Sales,44126,68911
16564,71,Engineering,44124,51525
16565,50,Customer Support,44123,79747
16566,57,Customer Support,44123,64601
16567,65,Engineering,44125,71290
16568,29,Engineering,44126,48035
16569,74,HR,44124,65353
16570,44,Sales,44123,67711
16571,23,HR,44125,79458
16572,74,HR,44126,78751
16573,55,Engineering,44123,83084
16574,61,Customer Support,44125,71360
16575,28,Sales,44123,61204
16576,43,Sales,44124,57009
16577,50,Engineering,44123,56422
16578,55,Engineering,44123,86130
16579,40,Engineering,44122,41375
16580,58,Customer Support,44126,71026
16581,65,Engineering,44123,89565
16582,24,Customer Support,44124,86213
16583,33,Sales,44122,80179
16584,67,Customer Support,44123,85871
16585,39,Customer Support,44125,55103
16586,52,SpecialOps,44122,66780
16587,43,Customer Support,44122,66504
16588,34,Engineering,44122,59277
16589,61,Engineering,44124,64745
16590,22,Engineering,44125,57064
16591,64,Sales,44123,60293
16592,42,Engineering,44123,50372
16593,50,Sales,44123,82387
16594,67,Sales,44123,47878
16595,68,Engineering,44124,63552
16596,46,Sales,44122,63063
16597,45,Sales,44125,87171
16598,67,Sales,44126,89981
16599,52,Customer Support,44125,67139
16600,38,Engineering,44122,98221
16601,73,Sales,44126,88253
16602,67,Engineering,44122,64811
16603,66,Engineering,44124,68393
16604,44,Engineering,44126,56825
16605,29,Engineering,44124,51851
16606,73,Sales,44125,57631
16607,26,Sales,44126,77082
16608,66,Customer Support,44122,53155
16609,28,Sales,44126,100827
16610,29,HR,44125,77088
16611,42,HR,44123,62285
16612,74,Engineering,44125,36035
16613,54,Engineering,44126,98821
16614,69,Customer Support,44124,100213
16615,34,Engineering,44126,43116
16616,29,Engineering,44122,86810
16617,54,Sales,44124,69904
16618,61,Engineering,44124,35282
16619,58,Engineering,44122,77658
16620,56,Sales,44126,79143
16621,25,Customer Support,44124,47613
16622,29,Sales,44123,71100
16623,30,Sales,44125,85213
16624,32,Sales,44126,79190
16625,33,Sales,44126,35245
16626,63,Sales,44123,47092
16627,64,Sales,44122,98695
16628,47,Customer Support,44126,47896
16629,55,Customer Support,44122,87565
16630,58,HR,44125,79921
16631,48,Customer Support,44123,83799
16632,49,Customer Support,44124,43851
16633,56,Engineering,44126,50029
16634,45,HR,44124,86443
16635,27,Engineering,44122,73476
16636,55,HR,44123,71933
16637,40,Sales,44125,70218
16638,66,Sales,44124,81360
16639,36,Engineering,44126,96815
16640,25,Customer Support,44123,67200
16641,72,Sales,44123,66400
16642,28,Engineering,44124,74631
16643,49,Sales,44126,50854
16644,31,Sales,44126,57425
16645,39,Engineering,44125,108160
16646,53,Customer Support,44125,70749
16647,41,Engineering,44124,71440
16648,48,Customer Support,44122,72197
16649,22,Engineering,44124,76902
16650,46,Sales,44125,67115
16651,69,Sales,44122,89071
16652,61,Engineering,44125,77062
16653,62,Engineering,44122,81824
16654,46,Engineering,44126,90608
16655,65,Sales,44126,73396
16656,30,HR,44122,74713
16657,50,Sales,44125,67644
16658,25,Sales,44123,62540
16659,49,Sales,44122,64453
16660,25,Engineering,44123,39692
16661,71,HR,44126,58694
16662,44,Sales,44125,63828
16663,46,Customer Support,44124,36686
16664,47,Customer Support,44125,85974
16665,56,Engineering,44124,58182
16666,46,Sales,44122,66304
16667,40,Engineering,44126,63708
16668,54,Engineering,44123,64456
16669,63,Sales,44123,109513
16670,30,Engineering,44122,65419
16671,54,HR,44124,93576
16672,74,Sales,44123,73502
16673,73,Engineering,44126,76137
16674,22,Engineering,44124,71843
16675,27,Customer Support,44122,87008
16676,34,Engineering,44123,75860
16677,71,Engineering,44126,79576
16678,46,Sales,44125,75001
16679,56,Sales,44122,80434
16680,45,Sales,44124,70977
16681,71,Engineering,44123,78346
16682,56,HR,44124,83726
16683,49,Sales,44123,85318
16684,66,Sales,44122,72707
16685,39,HR,44122,58299
16686,47,Sales,44123,57338
16687,37,Engineering,44122,70561
16688,44,Engineering,44126,77920
16689,22,Sales,44123,70301
16690,40,Engineering,44125,78073
16691,25,Engineering,44123,79620
16692,65,Customer Support,44126,48741
16693,57,Customer Support,44123,74838
16694,27,HR,44124,93567
16695,66,Engineering,44122,82521
16696,44,Engineering,44124,68211
16697,66,Engineering,44123,77712
16698,62,Sales,44122,66872
16699,68,Customer Support,44126,78179
16700,42,HR,44126,65697
16701,50,Customer Support,44122,51385
16702,43,HR,44125,68537
16703,72,Engineering,44122,70026
16704,69,Engineering,44124,71398
16705,41,Engineering,44123,89898
16706,23,Customer Support,44122,82479
16707,52,HR,44124,74233
16708,54,Sales,44123,53899
16709,56,Customer Support,44123,61819
16710,58,Customer Support,44125,47546
16711,48,Engineering,44125,54428
16712,44,Sales,44123,36487
16713,68,Engineering,44125,64190
16714,31,Sales,44125,80401
16715,25,Sales,44124,54514
16716,53,Sales,44122,76082
16717,54,Customer Support,44126,82639
16718,31,Sales,44123,67978
16719,43,HR,44125,109782
16720,60,Sales,44122,64090
16721,43,Engineering,44126,75312
16722,72,Engineering,44122,62346
16723,57,Sales,44124,73891
16724,35,Customer Support,44124,90086
16725,35,Engineering,44125,76459
16726,30,Customer Support,44122,65191
16727,53,Customer Support,44125,65339
16728,39,Engineering,44123,98587
16729,67,Engineering,44123,68962
16730,34,Sales,44126,92641
16731,70,Engineering,44122,62082
16732,68,Engineering,44125,60720
16733,29,Engineering,44126,84218
16734,34,Customer Support,44124,50805
16735,39,HR,44126,111339
16736,55,HR,44123,58205
16737,57,Engineering,44124,87348
16738,52,Customer Support,44125,65689
16739,27,Sales,44125,43363
16740,47,Customer Support,44123,67688
16741,66,Customer Support,44123,69136
16742,42,Engineering,44122,75121
16743,64,Customer Support,44124,69866
16744,67,HR,44122,65176
16745,59,Customer Support,44125,69801
16746,48,Engineering,44125,72656
16747,56,Engineering,44124,68477
16748,27,Engineering,44124,58932
16749,65,Engineering,44126,87641
16750,31,Customer Support,44122,86263
16751,23,Sales,44122,61143
16752,28,Engineering,44122,52373
16753,58,Sales,44122,91294
16754,57,Engineering,44123,102645
16755,53,Customer Support,44124,96046
16756,32,Engineering,44123,53305
16757,74,Sales,44126,59180
16758,30,Customer Support,44122,69549
16759,48,Engineering,44126,77315
16760,59,Sales,44124,72303
16761,24,Customer Support,44125,76562
16762,51,Engineering,44125,71081
16763,61,Customer Support,44124,69632
16764,34,Sales,44126,75183
16765,26,Sales,44125,55031
16766,25,Sales,44122,47830
16767,62,Customer Support,44126,75577
16768,66,Customer Support,44123,65204
16769,72,HR,44126,68596
16770,61,Customer Support,44125,37477
16771,29,Customer Support,44122,74018
16772,63,HR,44123,63882
16773,52,Sales,44124,82887
16774,73,Engineering,44122,55619
16775,27,Engineering,44122,67913
16776,24,Engineering,44123,48676
16777,43,Engineering,44125,74785
16778,55,Engineering,44124,82691
16779,42,Engineering,44122,63188
16780,40,Engineering,44124,85963
16781,72,Sales,44124,35000
16782,23,Engineering,44126,70720
16783,74,Sales,44123,52271
16784,44,Engineering,44124,79838
16785,30,Customer Support,44123,60862
16786,40,Sales,44125,59613
16787,70,Engineering,44126,77276
16788,74,Engineering,44124,68447
16789,23,Engineering,44126,37164
16790,54,Sales,44123,44386
16791,26,Engineering,44125,51744
16792,66,Sales,44123,64039
16793,27,Sales,44126,74077
16794,29,Sales,44123,65309
16795,41,Sales,44124,78555
16796,39,Engineering,44125,48890
16797,67,Engineering,44124,87283
16798,40,Sales,44125,55271
16799,65,Sales,44125,75952
16800,48,Engineering,44125,72872
16801,47,Engineering,44123,70818
16802,42,Customer Support,44125,64620
16803,29,Sales,44124,43671
16804,69,Engineering,44123,47818
16805,52,Engineering,44122,73511
16806,56,Sales,44123,63206
16807,62,Customer Support,44122,89496
16808,69,Engineering,44125,57308
16809,47,Engineering,44124,80200
16810,52,Engineering,44125,65549
16811,30,Engineering,44123,72093
16812,27,Customer Support,44123,87684
16813,34,Engineering,44125,67848
16814,63,Customer Support,44124,66333
16815,29,Customer Support,44122,78360
16816,42,Customer Support,44126,54371
16817,40,Sales,44126,47510
16818,72,Customer Support,44124,64361
16819,29,Sales,44122,66441
16820,67,Engineering,44125,70997
16821,22,Sales,44122,64969
16822,22,Sales,44122,78146
16823,57,Engineering,44126,99468
16824,44,Engineering,44124,70732
16825,34,HR,44123,64626
16826,43,HR,44123,39814
16827,65,Customer Support,44122,88647
16828,29,Sales,44126,76681
16829,22,Sales,44123,81494
16830,66,Engineering,44126,93996
16831,36,Sales,44124,89796
16832,31,Sales,44126,40755
16833,54,Engineering,44125,84075
16834,23,HR,44125,85937
16835,35,HR,44125,69047
16836,54,Engineering,44122,59522
16837,31,Customer Support,44122,68698
16838,57,Customer Support,44122,51486
16839,61,Sales,44125,87749
16840,27,Customer Support,44126,75955
16841,26,Sales,44124,44119
16842,60,Engineering,44124,79061
16843,37,Engineering,44124,75560
16844,43,Sales,44124,64942
16845,42,Customer Support,44124,45923
16846,25,Sales,44126,59109
16847,73,Engineering,44123,47376
16848,37,Sales,44122,78617
16849,49,HR,44122,82769
16850,47,Engineering,44124,72584
16851,56,Sales,44126,66574
16852,24,Customer Support,44124,101219
16853,25,Sales,44124,82794
16854,71,Engineering,44125,70584
16855,62,Engineering,44125,67438
16856,50,Sales,44124,77258
16857,46,Sales,44125,60713
16858,69,Customer Support,44126,78620
16859,43,Engineering,44126,97979
16860,47,HR,44124,85834
16861,57,Engineering,44126,52677
16862,30,Sales,44122,66129
16863,30,Engineering,44124,55460
16864,66,Customer Support,44123,82048
16865,24,Engineering,44125,74274
16866,38,Engineering,44123,68908
16867,45,Sales,44125,74028
16868,40,Engineering,44123,55301
16869,34,Customer Support,44125,55988
16870,49,Sales,44123,57601
16871,25,Sales,44123,77487
16872,47,Sales,44123,108426
16873,22,Engineering,44124,62526
16874,65,Engineering,44123,89691
16875,25,Engineering,44124,94409
16876,54,Customer Support,44125,71195
16877,37,Sales,44123,68127
16878,27,Engineering,44122,79427
16879,53,Customer Support,44125,74256
16880,50,Customer Support,44122,63013
16881,53,Sales,44125,59379
16882,51,Sales,44124,37496
16883,66,Engineering,44124,64710
16884,62,Customer Support,44126,87038
16885,24,Sales,44124,85942
16886,62,Sales,44124,78087
16887,46,HR,44122,50256
16888,34,Engineering,44125,38438
16889,65,HR,44126,83999
16890,23,Customer Support,44124,44477
16891,30,Sales,44124,66196
16892,60,Engineering,44122,86947
16893,55,Engineering,44126,78963
16894,22,Sales,44125,91486
16895,63,Sales,44126,64996
16896,57,Engineering,44125,47501
16897,46,Customer Support,44123,71234
16898,42,Engineering,44124,46335
16899,22,Engineering,44122,61821
16900,26,Sales,44124,65364
16901,26,Sales,44122,35000
16902,50,Engineering,44124,83841
16903,36,Engineering,44126,72730
16904,47,Engineering,44123,83227
16905,23,Engineering,44122,83960
16906,62,Customer Support,44126,52594
16907,47,Engineering,44125,70990
16908,42,Engineering,44125,61814
16909,29,Engineering,44125,75267
16910,63,Sales,44123,66462
16911,56,Customer Support,44126,77546
16912,28,Engineering,44123,70088
16913,58,Engineering,44126,89522
16914,38,Engineering,44126,93013
16915,69,Customer Support,44122,58692
16916,47,Engineering,44124,67724
16917,45,Sales,44123,71048
16918,38,Engineering,44123,82352
16919,33,Engineering,44122,49567
16920,27,Engineering,44124,51833
16921,69,Customer Support,44122,68320
16922,39,Sales,44124,79168
16923,64,Sales,44124,80635
16924,57,Customer Support,44124,69563
16925,46,Customer Support,44122,54512
16926,55,Sales,44125,59226
16927,22,Engineering,44122,62172
16928,32,Customer Support,44124,66813
16929,66,Sales,44123,67506
16930,58,Engineering,44122,67503
16931,60,Engineering,44124,80958
16932,57,Sales,44125,98280
16933,71,Sales,44122,67003
16934,61,Sales,44124,66075
16935,65,HR,44126,76810
16936,50,Engineering,44124,35000
16937,61,Engineering,44125,77708
16938,26,Engineering,44122,82513
16939,58,Engineering,44126,62515
16940,61,Sales,44122,66975
16941,44,HR,44126,56719
16942,22,Sales,44122,65820
16943,64,Sales,44124,86185
16944,68,Sales,44126,68341
16945,73,Sales,44124,80196
16946,32,Customer Support,44126,41316
16947,45,Customer Support,44123,51251
16948,68,Engineering,44122,88085
16949,50,Engineering,44125,64500
16950,28,Customer Support,44123,85970
16951,23,Sales,44122,55130
16952,39,Sales,44122,65255
16953,59,Sales,44124,61816
16954,34,Sales,44122,46299
16955,51,Engineering,44126,93621
16956,40,Customer Support,44126,53142
16957,38,Customer Support,44122,49415
16958,46,Sales,44125,83840
16959,37,Sales,44122,91720
16960,48,Engineering,44124,52386
16961,43,HR,44122,66371
16962,66,Sales,44125,52222
16963,68,Engineering,44122,64735
16964,29,Sales,44126,86674
16965,53,Customer Support,44125,73249
16966,43,Sales,44123,67942
16967,45,Customer Support,44124,64901
16968,44,Engineering,44124,75416
16969,29,Sales,44124,41971
16970,59,Engineering,44124,55878
16971,65,HR,44126,60819
16972,50,Engineering,44125,95773
16973,72,Engineering,44122,65123
16974,35,Customer Support,44123,56987
16975,36,Sales,44124,61103
16976,58,Sales,44122,72070
16977,74,Engineering,44122,78303
16978,67,Engineering,44126,91589
16979,35,Engineering,44123,91053
16980,33,Sales,44124,86920
16981,26,HR,44126,75478
16982,38,Engineering,44123,71835
16983,30,Engineering,44123,69994
16984,61,Sales,44126,67078
16985,44,Sales,44123,71650
16986,70,Executive,44126,91990
16987,63,Sales,44123,67885
16988,73,HR,44126,73828
16989,25,Engineering,44125,70012
16990,30,Engineering,44122,46636
16991,62,Customer Support,44122,65451
16992,52,Engineering,44125,55362
16993,54,Customer Support,44122,83092
16994,60,Sales,44124,75122
16995,46,Sales,44126,63776
16996,42,Customer Support,44125,66086
16997,53,HR,44123,67389
16998,35,Sales,44124,47479
16999,66,Engineering,44126,81774
17000,66,Engineering,44126,64595
17001,54,Sales,44122,79957
17002,30,Customer Support,44125,86900
17003,38,Engineering,44123,79784
17004,60,Customer Support,44122,64322
17005,41,HR,44122,81546
17006,28,Customer Support,44125,95346
17007,47,Engineering,44123,72472
17008,67,HR,44124,47448
17009,35,Engineering,44123,67259
17010,71,Sales,44123,53780
17011,40,Sales,44122,86134
17012,22,Engineering,44124,83876
17013,51,Engineering,44124,63776
17014,56,Sales,44122,72311
17015,44,Sales,44123,67554
17016,69,HR,44124,60390
17017,67,Engineering,44126,67361
17018,70,Customer Support,44126,74227
17019,46,Engineering,44122,80600
17020,68,HR,44125,79710
17021,69,Executive,44126,69054
17022,28,HR,44124,75377
17023,55,Engineering,44123,47260
17024,45,Engineering,44125,78546
17025,63,Engineering,44125,91496
17026,29,Sales,44123,76589
17027,56,Customer Support,44122,61955
17028,22,Engineering,44125,82034
17029,67,Sales,44125,79667
17030,46,Engineering,44125,48760
17031,63,Sales,44124,81721
17032,51,Sales,44124,62211
17033,56,Customer Support,44124,83216
17034,51,Engineering,44125,55213
17035,43,Engineering,44125,78388
17036,69,HR,44125,49095
17037,30,Sales,44126,64473
17038,53,Engineering,44125,69584
17039,40,Engineering,44125,64826
17040,73,Engineering,44126,69693
17041,58,Engineering,44125,72564
17042,71,Customer Support,44122,43284
17043,50,Customer Support,44125,51608
17044,25,Engineering,44124,45381
17045,41,Sales,44124,76089
17046,50,Customer Support,44124,35491
17047,63,Sales,44124,80010
17048,27,HR,44125,57661
17049,68,Engineering,44123,83531
17050,51,Engineering,44124,78182
17051,22,Customer Support,44123,56838
17052,69,Sales,44124,52922
17053,23,Customer Support,44122,66737
17054,64,Engineering,44123,67649
17055,25,Sales,44125,59343
17056,71,Customer Support,44126,48096
17057,58,Engineering,44126,68416
17058,74,Sales,44123,90942
17059,29,Customer Support,44122,77055
17060,47,Customer Support,44126,62870
17061,42,Sales,44126,70595
17062,61,Sales,44123,65287
17063,44,HR,44123,84322
17064,50,Customer Support,44126,71074
17065,43,Engineering,44125,81515
17066,38,Sales,44126,58665
17067,27,Customer Support,44123,88206
17068,36,Sales,44122,94646
17069,70,Customer Support,44123,108320
17070,44,Engineering,44124,53060
17071,23,Sales,44126,81849
17072,44,Customer Support,44126,76827
17073,59,Customer Support,44122,66687
17074,32,Sales,44124,67873
17075,60,Customer Support,44125,72327
17076,65,Engineering,44124,69046
17077,70,Sales,44126,70372
17078,39,Sales,44124,61603
17079,29,Engineering,44126,88527
17080,44,Engineering,44123,76400
17081,49,Engineering,44122,60262
17082,31,Engineering,44123,76902
17083,34,HR,44125,52892
17084,33,Sales,44124,90621
17085,69,Sales,44125,88134
17086,29,Customer Support,44122,74995
17087,65,Engineering,44122,78315
17088,69,HR,44124,65511
17089,32,Sales,44124,89778
17090,33,Customer Support,44122,71653
17091,60,Sales,44126,71382
17092,37,Customer Support,44125,60792
17093,74,Sales,44122,56000
17094,62,Customer Support,44125,63023
17095,59,Customer Support,44122,55886
17096,31,Engineering,44125,51751
17097,45,Customer Support,44123,61345
17098,71,Sales,44125,67536
17099,74,Engineering,44122,57699
17100,45,Sales,44125,80843
17101,59,Sales,44122,48499
17102,66,Engineering,44123,79370
17103,50,Sales,44126,84269
17104,35,Engineering,44123,65902
17105,23,Engineering,44122,58994
17106,37,Engineering,44125,67512
17107,51,Engineering,44122,35000
17108,40,Engineering,44126,102617
17109,59,Engineering,44126,100277
17110,31,Sales,44123,72850
17111,65,Customer Support,44122,67565
17112,70,Sales,44122,79413
17113,34,Engineering,44124,74277
17114,29,Engineering,44122,51953
17115,69,Customer Support,44125,47664
17116,54,Sales,44125,58746
17117,39,Sales,44122,86369
17118,30,Sales,44125,53978
17119,29,Engineering,44122,72149
17120,69,Customer Support,44124,91559
17121,35,Engineering,44123,57616
17122,63,HR,44122,82254
17123,57,Engineering,44122,102655
17124,67,Customer Support,44124,55870
17125,74,Sales,44123,77085
17126,26,Sales,44126,83398
17127,35,Engineering,44125,63706
17128,40,Engineering,44125,71145
17129,64,Sales,44123,93764
17130,25,Customer Support,44124,84273
17131,41,Sales,44126,96445
17132,41,Customer Support,44125,76836
17133,69,Engineering,44122,62257
17134,73,HR,44124,70866
17135,61,Engineering,44126,79552
17136,43,Engineering,44124,38266
17137,48,Engineering,44126,61407
17138,46,Sales,44122,63957
17139,74,Engineering,44125,74077
17140,59,Engineering,44124,57365
17141,69,HR,44122,93922
17142,64,Customer Support,44124,52004
17143,55,Sales,44123,82454
17144,31,Sales,44126,74247
17145,31,HR,44122,71962
17146,65,Engineering,44124,80478
17147,54,Sales,44124,71997
17148,37,Customer Support,44124,60618
17149,43,HR,44126,72377
17150,43,Engineering,44126,85691
17151,34,Engineering,44123,47296
17152,30,HR,44123,40914
17153,66,Engineering,44123,51710
17154,42,HR,44126,79378
17155,62,Engineering,44122,58242
17156,68,Engineering,44122,88993
17157,49,Sales,44122,61454
17158,74,Sales,44124,68985
17159,63,Customer Support,44123,74430
17160,72,Customer Support,44124,52428
17161,27,Sales,44125,68270
17162,40,Sales,44123,94796
17163,57,Engineering,44124,96341
17164,67,Engineering,44124,92162
17165,24,Sales,44126,79728
17166,69,Engineering,44123,67599
17167,24,Customer Support,44126,65773
17168,32,Sales,44122,68139
17169,26,Sales,44123,62243
17170,63,Sales,44126,64059
17171,26,Sales,44122,59839
17172,32,HR,44122,67689
17173,52,Customer Support,44122,106135
17174,36,Engineering,44124,65870
17175,65,Customer Support,44126,65470
17176,28,Sales,44123,77263
17177,34,Engineering,44125,37203
17178,34,Sales,44124,68164
17179,49,Customer Support,44123,88661
17180,61,Sales,44125,63629
17181,55,Customer Support,44125,42410
17182,22,Customer Support,44126,82176
17183,41,Sales,44126,81479
17184,26,Sales,44126,59893
17185,25,Engineering,44123,57046
17186,59,Sales,44124,90973
17187,26,Sales,44124,66224
17188,65,Engineering,44126,73915
17189,72,Engineering,44126,67643
17190,27,Engineering,44124,71348
17191,32,Engineering,44124,88646
17192,70,Engineering,44125,67031
17193,72,Customer Support,44126,62046
17194,74,Engineering,44122,57658
17195,43,Engineering,44126,84504
17196,55,Sales,44123,84248
17197,47,HR,44122,61656
17198,70,Sales,44124,87920
17199,39,Customer Support,44125,56220
17200,29,Customer Support,44122,87789
17201,54,Sales,44122,76736
17202,34,Sales,44123,79223
17203,52,Customer Support,44124,88335
17204,72,Engineering,44124,49630
17205,64,Sales,44122,79293
17206,25,Sales,44125,88069
17207,62,Engineering,44126,48620
17208,62,Sales,44126,69858
17209,62,Engineering,44124,67756
17210,56,Sales,44123,83753
17211,68,Engineering,44126,91948
17212,22,Engineering,44123,84989
17213,60,Engineering,44124,52850
17214,58,Sales,44122,70684
17215,53,Engineering,44125,77559
17216,29,HR,44126,78280
17217,63,Sales,44123,85556
17218,68,Customer Support,44122,53045
17219,64,Engineering,44125,67259
17220,62,Engineering,44125,78721
17221,30,Sales,44124,75838
17222,71,Sales,44125,76366
17223,30,Engineering,44122,85460
17224,43,Sales,44124,68686
17225,22,Customer Support,44125,50059
17226,72,Engineering,44124,50574
17227,73,Sales,44124,94341
17228,40,Sales,44124,86638
17229,72,Customer Support,44126,76417
17230,32,Sales,44125,43667
17231,41,Engineering,44124,54330
17232,39,Engineering,44126,69619
17233,73,Customer Support,44125,109595
17234,27,Sales,44125,55976
17235,23,Engineering,44126,94178
17236,44,Engineering,44126,71267
17237,60,Customer Support,44122,85073
17238,73,Engineering,44123,85571
17239,44,Sales,44124,64571
17240,44,Sales,44125,84344
17241,23,Engineering,44125,66411
17242,36,Customer Support,44126,56385
17243,53,Sales,44125,82575
17244,61,Sales,44123,73525
17245,41,Engineering,44124,45418
17246,42,HR,44126,53578
17247,71,Sales,44126,73321
17248,39,HR,44122,68155
17249,42,Engineering,44124,87580
17250,55,Customer Support,44124,45927
17251,47,Engineering,44122,49777
17252,46,Customer Support,44122,66724
17253,53,Sales,44125,55470
17254,59,Sales,44122,74963
17255,50,Engineering,44123,80859
17256,39,Customer Support,44123,86894
17257,59,Engineering,44122,72183
17258,44,Sales,44122,74838
17259,61,Engineering,44126,70214
17260,68,Customer Support,44125,44318
17261,30,Customer Support,44125,66772
17262,22,Sales,44125,58520
17263,49,Engineering,44124,69859
17264,59,Sales,44125,81164
17265,66,Sales,44124,78319
17266,32,Engineering,44122,60335
17267,33,Engineering,44124,70813
17268,47,Sales,44126,47531
17269,51,Engineering,44123,61937
17270,48,Engineering,44124,53587
17271,39,Engineering,44126,72708
17272,53,Customer Support,44125,63429
17273,70,Engineering,44122,44369
17274,57,Engineering,44122,61591
17275,32,HR,44124,73945
17276,24,Engineering,44124,47550
17277,49,Engineering,44123,74893
17278,60,Engineering,44126,78513
17279,32,Engineering,44122,43196
17280,52,HR,44126,45979
17281,62,Customer Support,44123,58770
17282,67,Sales,44122,73226
17283,37,Engineering,44123,52171
17284,36,Engineering,44126,77398
17285,62,Engineering,44126,44453
17286,24,HR,44123,93732
17287,47,HR,44122,81671
17288,73,Engineering,44123,62940
17289,55,HR,44126,79330
17290,53,Sales,44125,78216
17291,46,Sales,44123,115914
17292,37,Customer Support,44122,63231
17293,41,Customer Support,44124,75700
17294,55,Customer Support,44125,55012
17295,49,Sales,44122,71881
17296,44,Sales,44124,77263
17297,47,Executive,44123,55772
17298,28,Sales,44126,83608
17299,46,Engineering,44122,38819
17300,35,Sales,44124,72423
17301,72,Sales,44122,37169
17302,35,Engineering,44124,70020
17303,56,Sales,44125,51855
17304,59,Engineering,44123,77861
17305,48,Sales,44124,51345
17306,56,Sales,44123,55874
17307,61,HR,44124,95458
17308,24,Sales,44125,83348
17309,56,Sales,44126,62975
17310,35,Customer Support,44123,60406
17311,30,Engineering,44124,58686
17312,49,Engineering,44126,85472
17313,72,Engineering,44122,52353
17314,33,Engineering,44126,59999
17315,72,Engineering,44122,49863
17316,70,Engineering,44122,71959
17317,29,Customer Support,44123,74246
17318,53,Sales,44122,49038
17319,55,Sales,44124,48040
17320,58,Customer Support,44126,87465
17321,53,Sales,44124,69233
17322,60,Engineering,44125,68253
17323,30,Sales,44122,86399
17324,59,Sales,44123,85511
17325,29,HR,44125,72073
17326,30,Engineering,44125,72084
17327,68,Engineering,44125,78353
17328,59,HR,44126,60294
17329,52,Sales,44126,76067
17330,73,Engineering,44124,82271
17331,57,Sales,44125,74831
17332,29,Engineering,44125,80674
17333,65,Customer Support,44124,92184
17334,56,Sales,44122,72089
17335,39,Sales,44124,80086
17336,26,Engineering,44125,81415
17337,47,Engineering,44126,89876
17338,65,Sales,44125,62581
17339,39,Engineering,44126,73588
17340,58,Engineering,44126,75500
17341,32,Sales,44123,47568
17342,50,Engineering,44125,64529
17343,61,HR,44125,67911
17344,58,Engineering,44125,36650
17345,35,Sales,44123,71529
17346,30,Sales,44122,74370
17347,49,Customer Support,44125,76772
17348,24,Customer Support,44126,91677
17349,57,HR,44122,63292
17350,64,Sales,44123,77890
17351,73,Sales,44125,71270
17352,30,Customer Support,44124,54127
17353,25,Customer Support,44125,55766
17354,38,Engineering,44125,69883
17355,40,Customer Support,44126,62676
17356,43,Engineering,44126,61488
17357,28,Engineering,44124,94129
17358,28,Engineering,44124,55287
17359,65,Sales,44125,77212
17360,25,Sales,44124,55924
17361,53,Sales,44125,77456
17362,23,Engineering,44125,56934
17363,60,Engineering,44124,87533
17364,32,Customer Support,44122,93293
17365,59,Customer Support,44122,62996
17366,61,Engineering,44125,45516
17367,25,Sales,44122,65117
17368,36,Engineering,44122,72121
17369,29,Sales,44122,47677
17370,61,Sales,44124,85224
17371,54,Sales,44126,66850
17372,63,HR,44123,76045
17373,29,Sales,44122,82805
17374,73,Sales,44122,53290
17375,59,Customer Support,44123,64982
17376,28,Customer Support,44126,78802
17377,32,Engineering,44126,68055
17378,45,Sales,44125,59166
17379,35,Engineering,44122,80033
17380,67,Engineering,44125,63800
17381,27,Customer Support,44126,41339
17382,31,Engineering,44126,73634
17383,35,Sales,44123,68352
17384,34,Sales,44124,86064
17385,69,Sales,44126,81611
17386,52,Sales,44125,73476
17387,71,Sales,44124,42035
17388,38,Sales,44124,51078
17389,43,Sales,44123,73688
17390,23,Sales,44126,63304
17391,71,Engineering,44126,70408
17392,43,Engineering,44124,109966
17393,32,Sales,44126,81091
17394,35,Engineering,44123,77875
17395,47,Engineering,44124,88226
17396,48,Engineering,44123,69371
17397,71,Engineering,44125,86053
17398,43,Sales,44123,60132
17399,26,Sales,44126,80071
17400,66,Sales,44124,60697
17401,73,Customer Support,44122,65932
17402,43,Engineering,44122,86786
17403,60,Engineering,44123,64504
17404,29,Sales,44125,62430
17405,61,Customer Support,44125,68370
17406,64,Engineering,44126,58578
17407,24,Engineering,44123,58628
17408,54,Sales,44125,52456
17409,59,Customer Support,44126,93155
17410,37,Sales,44124,78546
17411,57,Engineering,44124,70947
17412,49,Sales,44124,62239
17413,22,Engineering,44122,74237
17414,22,Engineering,44123,79828
17415,29,Engineering,44125,76407
17416,51,Engineering,44125,71652
17417,67,Engineering,44125,68564
17418,65,Customer Support,44122,47098
17419,29,Sales,44126,52673
17420,61,Engineering,44126,87009
17421,60,HR,44124,80044
17422,61,Sales,44125,98226
17423,33,Executive,44125,77076
17424,72,Sales,44122,70385
17425,65,Sales,44124,78112
17426,49,Engineering,44122,79901
17427,24,Engineering,44125,62747
17428,44,Engineering,44125,65968
17429,57,Engineering,44122,91300
17430,52,Engineering,44125,89004
17431,23,HR,44124,58939
17432,65,HR,44122,84246
17433,51,Customer Support,44123,86945
17434,27,Engineering,44124,82668
17435,73,Engineering,44123,93547
17436,66,Customer Support,44124,69523
17437,34,Sales,44122,66978
17438,27,Engineering,44125,40982
17439,45,Engineering,44124,81828
17440,38,Sales,44123,77843
17441,58,Sales,44124,81158
17442,34,Engineering,44126,74377
17443,32,Sales,44124,101916
17444,34,Engineering,44126,54298
17445,69,Engineering,44123,35000
17446,39,Sales,44124,49951
17447,53,Engineering,44126,37172
17448,56,Engineering,44125,80347
17449,42,Engineering,44125,57983
17450,56,HR,44125,71237
17451,42,Engineering,44125,58265
17452,39,Engineering,44122,63853
17453,57,Sales,44124,77638
17454,34,Sales,44124,64847
17455,43,Engineering,44125,64787
17456,42,Customer Support,44126,54981
17457,32,Sales,44124,70500
17458,55,Engineering,44126,58032
17459,32,Customer Support,44122,48055
17460,47,Engineering,44126,79810
17461,35,Engineering,44122,70909
17462,23,Engineering,44122,51065
17463,59,Engineering,44126,60913
17464,57,Executive,44123,68395
17465,55,Engineering,44122,42630
17466,40,Customer Support,44126,87658
17467,55,Engineering,44125,63285
17468,29,Engineering,44122,47880
17469,47,Engineering,44126,71987
17470,70,Engineering,44126,88903
17471,56,Engineering,44125,69863
17472,31,Engineering,44122,72809
17473,56,Engineering,44123,85767
17474,28,Sales,44124,61363
17475,32,Sales,44122,49171
17476,70,Sales,44125,67988
17477,38,Engineering,44126,84382
17478,74,Engineering,44123,78624
17479,52,Engineering,44126,54343
17480,30,Customer Support,44122,76355
17481,68,Customer Support,44126,84121
17482,65,Customer Support,44123,86831
17483,53,Customer Support,44123,47737
17484,65,Customer Support,44122,72325
17485,35,Sales,44126,80038
17486,55,Engineering,44122,75010
17487,62,Customer Support,44122,64959
17488,44,Sales,44125,97049
17489,61,Customer Support,44125,68879
17490,49,Customer Support,44125,54416
17491,36,Customer Support,44123,68100
17492,30,Customer Support,44126,77601
17493,43,Customer Support,44123,45102
17494,26,Sales,44125,66654
17495,54,Customer Support,44124,86223
17496,36,Engineering,44125,93376
17497,51,Sales,44126,69253
17498,59,Engineering,44122,52526
17499,71,Engineering,44126,64291
17500,22,Engineering,44122,77442
17501,28,Sales,44122,48492
17502,35,Sales,44125,58498
17503,47,Engineering,44123,99206
17504,25,Sales,44125,68609
17505,62,HR,44126,52202
17506,40,Engineering,44123,74933
17507,33,SpecialOps,44122,79431
17508,57,Engineering,44122,75463
17509,55,Sales,44124,62025
17510,41,Sales,44122,67953
17511,59,Customer Support,44124,61338
17512,27,Sales,44124,71834
17513,48,Sales,44125,88794
17514,66,Engineering,44126,64589
17515,33,Customer Support,44123,67723
17516,26,Customer Support,44123,66449
17517,32,Customer Support,44122,70500
17518,52,Sales,44126,76940
17519,69,Engineering,44125,64771
17520,58,Sales,44123,63654
17521,43,HR,44125,51968
17522,74,Sales,44123,59157
17523,48,Sales,44124,67753
17524,67,HR,44124,84247
17525,63,Sales,44124,80041
17526,40,Customer Support,44124,77187
17527,37,Engineering,44124,54366
17528,63,Sales,44125,77435
17529,40,Customer Support,44122,71075
17530,23,Sales,44125,78612
17531,30,Sales,44123,63121
17532,56,Engineering,44122,79151
17533,30,Engineering,44126,72327
17534,50,Engineering,44122,62969
17535,74,Engineering,44124,70446
17536,57,Customer Support,44124,91706
17537,48,HR,44125,74715
17538,71,Customer Support,44125,68803
17539,43,Engineering,44123,74158
17540,43,Customer Support,44125,51586
17541,74,Sales,44125,57362
17542,57,Engineering,44125,79426
17543,31,Engineering,44125,68295
17544,63,Sales,44124,79630
17545,37,Engineering,44125,80256
17546,34,Sales,44123,78515
17547,61,Sales,44125,76576
17548,53,HR,44124,69779
17549,62,Customer Support,44122,61776
17550,52,Customer Support,44123,110941
17551,42,Customer Support,44123,77037
17552,73,Engineering,44122,57362
17553,69,Sales,44124,79063
17554,67,HR,44125,59126
17555,38,Sales,44124,52510
17556,64,Engineering,44122,83851
17557,72,Engineering,44123,92887
17558,41,HR,44123,55729
17559,46,Engineering,44124,88926
17560,27,Sales,44122,68479
17561,68,Sales,44124,87000
17562,22,Customer Support,44124,82098
17563,72,Sales,44125,83824
17564,70,Customer Support,44126,44559
17565,43,Sales,44123,64892
17566,30,HR,44126,53723
17567,44,Sales,44123,94692
17568,31,Engineering,44125,88971
17569,25,Engineering,44123,94253
17570,68,Engineering,44122,93986
17571,45,Customer Support,44123,70782
17572,31,Customer Support,44124,61786
17573,25,Engineering,44126,63863
17574,47,Sales,44122,92034
17575,43,Sales,44124,57826
17576,33,Customer Support,44126,85036
17577,63,HR,44125,63329
17578,70,Customer Support,44126,74024
17579,73,Engineering,44122,41146
17580,26,Engineering,44125,59511
17581,40,Sales,44126,66663
17582,74,Sales,44126,92320
17583,55,Engineering,44124,73521
17584,73,Engineering,44122,87266
17585,74,Sales,44125,65571
17586,65,Engineering,44126,90473
17587,71,Engineering,44124,89975
17588,60,Engineering,44122,78910
17589,22,Sales,44124,54350
17590,43,Sales,44124,71350
17591,68,Engineering,44123,84832
17592,30,Sales,44122,51545
17593,24,Engineering,44125,95647
17594,33,Customer Support,44125,81697
17595,67,HR,44123,79902
17596,59,Engineering,44123,95990
17597,48,HR,44123,56843
17598,54,Engineering,44123,69997
17599,50,Engineering,44123,52325
17600,47,Sales,44126,96690
17601,56,Engineering,44123,58535
17602,50,Sales,44123,70186
17603,73,Executive,44124,65568
17604,48,Sales,44126,89047
17605,31,Sales,44125,84295
17606,46,HR,44126,53154
17607,54,Customer Support,44125,74480
17608,41,Engineering,44124,63927
17609,36,HR,44122,66008
17610,55,Sales,44123,73548
17611,65,Customer Support,44122,90059
17612,61,Engineering,44125,49369
17613,46,Sales,44125,65052
17614,22,Engineering,44126,80723
17615,62,Customer Support,44122,69491
17616,70,HR,44124,95308
17617,30,Engineering,44126,74744
17618,28,Sales,44126,96222
17619,66,Sales,44123,83385
17620,50,Engineering,44124,53115
17621,28,Engineering,44122,67221
17622,65,Sales,44126,66235
17623,33,Engineering,44122,67769
17624,44,Engineering,44124,75507
17625,49,Engineering,44126,59229
17626,61,Sales,44124,81857
17627,23,Engineering,44126,86898
17628,48,Sales,44123,88885
17629,32,Engineering,44123,79289
17630,52,Sales,44123,98632
17631,62,Sales,44122,49867
17632,40,Engineering,44125,96602
17633,56,HR,44122,65333
17634,64,HR,44126,68906
17635,73,Engineering,44122,89194
17636,52,Sales,44125,44005
17637,45,Engineering,44123,44595
17638,54,Engineering,44126,92615
17639,48,Customer Support,44125,56596
17640,50,Engineering,44123,69484
17641,57,Sales,44126,41486
17642,49,Customer Support,44126,69138
17643,25,Sales,44123,78508
17644,37,HR,44125,72227
17645,65,Engineering,44125,35000
17646,69,HR,44125,83448
17647,28,Engineering,44125,58794
17648,30,Customer Support,44122,69466
17649,43,HR,44126,68540
17650,72,Engineering,44123,68453
17651,60,Sales,44126,55497
17652,33,Customer Support,44125,75381
17653,64,Sales,44122,64356
17654,32,Customer Support,44122,55406
17655,51,Sales,44123,35000
17656,55,Sales,44124,77787
17657,66,Engineering,44124,58998
17658,48,Sales,44123,65470
17659,52,Engineering,44123,62813
17660,35,Engineering,44126,71435
17661,36,Sales,44124,64498
17662,46,Customer Support,44124,80498
17663,51,Engineering,44122,79368
17664,63,Customer Support,44126,80416
17665,55,HR,44125,47358
17666,48,Engineering,44122,65529
17667,36,Engineering,44125,77922
17668,49,Sales,44122,79871
17669,41,HR,44122,80627
17670,54,Sales,44122,72589
17671,42,Sales,44125,52967
17672,72,Engineering,44125,57782
17673,57,Sales,44124,79648
17674,55,Sales,44126,73727
17675,25,Customer Support,44124,106025
17676,74,Engineering,44126,70006
17677,31,Customer Support,44125,84063
17678,43,Sales,44123,95890
17679,39,HR,44123,79731
17680,23,Sales,44122,60306
17681,66,Customer Support,44126,67617
17682,66,Engineering,44123,55329
17683,51,Engineering,44124,80333
17684,62,Customer Support,44124,81772
17685,63,Engineering,44126,89656
17686,41,Customer Support,44126,88060
17687,37,Sales,44122,66802
17688,32,Engineering,44124,60324
17689,38,Engineering,44123,83177
17690,67,Engineering,44126,64873
17691,37,HR,44125,96304
17692,72,Customer Support,44125,83807
17693,73,HR,44123,78810
17694,29,Engineering,44126,71373
17695,68,Customer Support,44124,66585
17696,24,Customer Support,44122,63608
17697,74,Customer Support,44122,46800
17698,53,Customer Support,44122,79837
17699,32,Sales,44122,74698
17700,25,Engineering,44124,73375
17701,33,Sales,44123,106460
17702,52,Engineering,44126,105758
17703,36,Customer Support,44123,65363
17704,51,Sales,44122,86977
17705,22,Engineering,44124,79495
17706,52,Engineering,44124,65857
17707,30,Engineering,44126,97224
17708,66,Engineering,44126,79183
17709,28,Customer Support,44123,85893
17710,37,HR,44126,71765
17711,27,Engineering,44125,47718
17712,65,Engineering,44123,56899
17713,35,Engineering,44124,81198
17714,34,Customer Support,44125,57310
17715,44,Customer Support,44125,59798
17716,59,Engineering,44125,66188
17717,64,Engineering,44125,74809
17718,68,Engineering,44126,92300
17719,70,Customer Support,44126,62357
17720,62,Engineering,44122,72028
17721,26,Customer Support,44126,87456
17722,36,Sales,44124,72013
17723,63,HR,44122,51522
17724,23,Sales,44125,71849
17725,56,Sales,44124,84871
17726,44,HR,44123,50043
17727,52,Customer Support,44126,81140
17728,30,Engineering,44125,86371
17729,64,Sales,44126,53019
17730,57,Sales,44125,60762
17731,53,Engineering,44126,70893
17732,72,Sales,44125,78216
17733,47,Customer Support,44124,76760
17734,38,Customer Support,44124,64074
17735,45,Sales,44122,54639
17736,32,Engineering,44125,79187
17737,36,Sales,44122,63917
17738,32,Sales,44123,55324
17739,27,Sales,44122,68767
17740,67,Sales,44122,80072
17741,60,Sales,44125,73608
17742,44,Engineering,44122,74911
17743,61,Sales,44122,72459
17744,71,HR,44122,74933
17745,68,Sales,44123,74996
17746,68,Engineering,44122,82367
17747,51,Engineering,44125,85650
17748,39,Engineering,44122,83966
17749,69,Engineering,44126,54203
17750,62,Sales,44126,76804
17751,57,Sales,44126,77436
17752,52,Engineering,44126,58518
17753,37,Engineering,44125,69131
17754,34,Sales,44124,73431
17755,69,Sales,44126,49127
17756,32,Engineering,44122,48194
17757,37,Customer Support,44124,56940
17758,45,Engineering,44122,83353
17759,71,Customer Support,44125,49470
17760,30,Engineering,44122,61228
17761,67,Engineering,44124,35456
17762,43,Engineering,44125,73877
17763,36,Customer Support,44125,99999
17764,70,Customer Support,44126,35000
17765,44,Engineering,44126,75978
17766,71,Engineering,44122,46496
17767,69,Sales,44123,60205
17768,44,Sales,44122,52927
17769,58,HR,44124,86816
17770,73,Customer Support,44123,69651
17771,39,Engineering,44122,57981
17772,62,Engineering,44123,57701
17773,74,Engineering,44122,59558
17774,28,Customer Support,44125,37521
17775,29,HR,44123,79170
17776,71,Engineering,44124,59039
17777,73,Sales,44126,70025
17778,37,Engineering,44123,69246
17779,23,Customer Support,44122,103431
17780,60,Engineering,44126,70420
17781,54,Sales,44124,45349
17782,48,Sales,44123,58404
17783,40,Customer Support,44125,81209
17784,73,Engineering,44124,43895
17785,60,Engineering,44122,40273
17786,37,Sales,44126,65623
17787,29,HR,44126,76922
17788,34,HR,44123,87301
17789,34,Sales,44124,79430
17790,37,Sales,44122,68029
17791,27,Customer Support,44123,75685
17792,43,Engineering,44122,62157
17793,61,Engineering,44124,56659
17794,56,Engineering,44125,74833
17795,70,Engineering,44126,76438
17796,43,Sales,44126,45528
17797,46,Sales,44122,62978
17798,57,Customer Support,44123,95154
17799,33,Sales,44125,70167
17800,70,HR,44122,68227
17801,58,Engineering,44126,81862
17802,23,Engineering,44125,44764
17803,53,Executive,44124,64472
17804,74,Sales,44125,73377
17805,42,Engineering,44125,66330
17806,24,Sales,44124,84411
17807,38,Customer Support,44125,68661
17808,27,Sales,44125,75506
17809,60,Engineering,44123,42258
17810,65,Customer Support,44125,39141
17811,43,Customer Support,44124,53750
17812,40,Engineering,44126,60074
17813,56,Engineering,44122,50368
17814,40,Engineering,44125,68058
17815,56,Customer Support,44122,48831
17816,63,Engineering,44123,83808
17817,64,Engineering,44122,82283
17818,52,Engineering,44123,87635
17819,37,Engineering,44123,62369
17820,49,HR,44124,82961
17821,46,HR,44122,76483
17822,27,Sales,44126,73533
17823,56,Sales,44126,89433
17824,28,Engineering,44124,79929
17825,50,Sales,44122,52909
17826,31,Engineering,44122,52011
17827,73,Sales,44123,93666
17828,71,Sales,44124,53860
17829,43,Sales,44126,78417
17830,29,Engineering,44126,49295
17831,50,Customer Support,44124,57699
17832,50,Engineering,44124,58613
17833,67,Sales,44123,86090
17834,71,Customer Support,44125,63034
17835,32,Sales,44122,72546
17836,50,Sales,44126,57507
17837,31,Sales,44125,61017
17838,43,Sales,44122,86402
17839,28,Engineering,44123,44875
17840,35,Sales,44123,79203
17841,65,Customer Support,44124,79555
17842,52,Engineering,44126,52163
17843,71,Engineering,44126,72348
17844,32,Sales,44126,96532
17845,31,Customer Support,44125,61344
17846,32,HR,44123,49580
17847,54,Sales,44124,60292
17848,58,Engineering,44123,82325
17849,35,Sales,44122,72354
17850,38,Customer Support,44123,68575
17851,36,Sales,44126,46728
17852,58,Sales,44126,65903
17853,56,Sales,44123,38994
17854,48,Engineering,44123,77919
17855,59,Engineering,44123,70060
17856,28,Sales,44123,47849
17857,52,Customer Support,44123,41170
17858,46,Engineering,44126,68529
17859,26,Sales,44124,64083
17860,72,Engineering,44122,74013
17861,26,Customer Support,44122,90890
17862,32,Sales,44126,98130
17863,39,Engineering,44125,68612
17864,48,Engineering,44122,70617
17865,60,Engineering,44122,81414
17866,64,Sales,44125,65066
17867,30,Engineering,44126,74604
17868,41,Engineering,44126,72595
17869,58,Engineering,44124,84736
17870,47,Engineering,44126,77348
17871,63,Engineering,44126,87155
17872,44,Engineering,44123,58226
17873,63,Customer Support,44122,83771
17874,37,Engineering,44124,70801
17875,30,Customer Support,44122,89512
17876,64,Sales,44123,74356
17877,69,Engineering,44123,84277
17878,61,Sales,44125,78528
17879,47,Engineering,44125,42371
17880,28,Sales,44126,74483
17881,23,Sales,44122,43160
17882,46,Engineering,44123,84645
17883,26,Sales,44125,66661
17884,70,Sales,44123,62446
17885,51,Engineering,44123,72131
17886,67,Customer Support,44124,51810
17887,30,Engineering,44122,73769
17888,66,Sales,44123,64394
17889,64,Engineering,44123,87386
17890,51,Sales,44126,81275
17891,32,Sales,44122,51963
17892,69,Customer Support,44123,54803
17893,51,Engineering,44123,56692
17894,40,Customer Support,44125,52644
17895,27,HR,44122,74108
17896,55,Sales,44124,89831
17897,25,Engineering,44124,75120
17898,61,Engineering,44123,54734
17899,70,Engineering,44124,96226
17900,48,Engineering,44126,62859
17901,59,Customer Support,44126,78944
17902,48,Engineering,44122,61454
17903,37,Customer Support,44126,78765
17904,46,Customer Support,44125,74766
17905,53,Sales,44123,54394
17906,56,Engineering,44124,80030
17907,48,Engineering,44123,84165
17908,29,Sales,44122,58973
17909,35,Customer Support,44126,86738
17910,71,Sales,44122,37223
17911,64,Customer Support,44124,54996
17912,61,Customer Support,44122,68744
17913,36,Sales,44122,62355
17914,57,Engineering,44123,56059
17915,67,Sales,44125,64173
17916,47,Customer Support,44122,63630
17917,62,Engineering,44122,90713
17918,72,Sales,44123,83449
17919,54,Customer Support,44123,46434
17920,37,Engineering,44125,87514
17921,45,HR,44126,63009
17922,68,Sales,44124,65645
17923,56,Engineering,44124,69580
17924,31,Engineering,44126,93578
17925,57,Engineering,44126,93078
17926,34,Customer Support,44126,103214
17927,26,Sales,44126,77084
17928,59,Engineering,44122,71700
17929,39,Engineering,44124,79128
17930,66,Engineering,44125,63303
17931,68,Customer Support,44122,51389
17932,23,HR,44122,93014
17933,57,Sales,44123,48418
17934,71,Engineering,44125,73228
17935,59,Sales,44123,69277
17936,61,Engineering,44124,102276
17937,22,Customer Support,44125,76955
17938,62,Sales,44123,65207
17939,22,HR,44125,60772
17940,56,Engineering,44125,67494
17941,51,Customer Support,44125,65894
17942,61,Customer Support,44122,57346
17943,37,Engineering,44124,57822
17944,26,Engineering,44123,56879
17945,24,Engineering,44126,72786
17946,72,Customer Support,44123,63395
17947,55,Engineering,44122,71319
17948,66,Sales,44123,81978
17949,33,Engineering,44122,71685
17950,28,HR,44126,47873
17951,74,Engineering,44123,82748
17952,43,Engineering,44123,90201
17953,70,Engineering,44125,56877
17954,35,Sales,44124,45678
17955,40,Customer Support,44126,68407
17956,34,Sales,44124,64941
17957,31,Customer Support,44123,41192
17958,50,Engineering,44126,77640
17959,36,Engineering,44125,62147
17960,27,Engineering,44125,54667
17961,71,Sales,44125,81549
17962,35,Sales,44123,72671
17963,39,Engineering,44123,57985
17964,53,Engineering,44125,74701
17965,72,Engineering,44123,76553
17966,60,Engineering,44123,73488
17967,67,Engineering,44123,85138
17968,23,Customer Support,44122,61232
17969,27,Engineering,44122,56142
17970,44,Engineering,44125,69926
17971,36,Sales,44125,99334
17972,69,Customer Support,44123,63044
17973,71,Engineering,44122,83701
17974,27,Engineering,44126,76976
17975,61,Engineering,44125,53076
17976,37,Engineering,44125,60894
17977,64,Sales,44123,54709
17978,32,Engineering,44122,71343
17979,40,Sales,44124,66032
17980,23,Sales,44124,59565
17981,43,Sales,44125,67235
17982,29,Customer Support,44125,72019
17983,43,Engineering,44125,68980
17984,41,Engineering,44122,69565
17985,52,Engineering,44123,102066
17986,38,Engineering,44123,83871
17987,69,Engineering,44122,99988
17988,28,Sales,44125,61898
17989,41,Engineering,44125,85666
17990,38,Engineering,44124,67932
17991,50,Engineering,44122,72884
17992,64,HR,44124,51281
17993,51,Engineering,44123,96029
17994,32,Sales,44123,73878
17995,34,Customer Support,44126,62284
17996,46,Engineering,44124,88744
17997,38,Engineering,44122,74080
17998,45,Sales,44122,100716
17999,32,Customer Support,44123,94862
18000,26,Engineering,44122,52483
18001,68,Engineering,44122,69911
18002,37,Customer Support,44124,43076
18003,61,Engineering,44123,39752
18004,25,Engineering,44126,44100
18005,57,Sales,44124,48053
18006,45,Engineering,44123,86163
18007,37,Customer Support,44123,56545
18008,68,Sales,44125,64322
18009,48,Sales,44124,62128
18010,32,Engineering,44125,71672
18011,54,Engineering,44122,85368
18012,69,Sales,44126,90469
18013,49,Sales,44123,56448
18014,72,Engineering,44124,83002
18015,36,Sales,44125,51611
18016,43,Engineering,44125,59099
18017,50,Customer Support,44123,76294
18018,53,Sales,44124,69631
18019,34,Customer Support,44125,73979
18020,35,Engineering,44125,51264
18021,28,Customer Support,44122,71056
18022,33,Customer Support,44126,94841
18023,53,Engineering,44123,60140
18024,26,Sales,44124,49092
18025,23,HR,44123,87776
18026,70,Sales,44124,69633
18027,62,Sales,44122,63668
18028,46,Engineering,44125,58716
18029,31,Engineering,44125,44299
18030,43,Engineering,44123,82922
18031,22,HR,44125,85997
18032,62,Sales,44122,92872
18033,62,HR,44124,54302
18034,40,Customer Support,44123,64079
18035,74,Engineering,44122,66230
18036,63,Engineering,44126,58765
18037,52,Sales,44122,49738
18038,42,Sales,44126,92620
18039,42,Customer Support,44123,82030
18040,32,Engineering,44126,59841
18041,62,Engineering,44125,70538
18042,50,Sales,44124,47874
18043,48,Customer Support,44126,62029
18044,57,Engineering,44123,70133
18045,40,Sales,44125,90824
18046,32,Sales,44124,57117
18047,62,Sales,44122,59192
18048,73,Sales,44123,69564
18049,57,Engineering,44123,69135
18050,71,Engineering,44123,86126
18051,64,Engineering,44126,93431
18052,69,Customer Support,44124,65038
18053,67,Engineering,44124,76646
18054,51,Engineering,44126,61691
18055,74,Customer Support,44125,86626
18056,24,HR,44123,103885
18057,29,Sales,44122,65619
18058,31,Engineering,44126,58651
18059,74,Sales,44123,61190
18060,51,HR,44126,35227
18061,32,HR,44122,98898
18062,58,Sales,44123,74256
18063,32,Engineering,44125,78361
18064,50,Customer Support,44122,52722
18065,56,Engineering,44122,64283
18066,40,Customer Support,44122,60538
18067,49,Sales,44126,78729
18068,55,HR,44122,38674
18069,58,Engineering,44126,74514
18070,51,Customer Support,44122,72412
18071,59,Engineering,44124,72471
18072,25,Customer Support,44125,54374
18073,36,Engineering,44125,54986
18074,38,Engineering,44125,56781
18075,63,Engineering,44123,79670
18076,26,Engineering,44123,90407
18077,63,Sales,44124,85851
18078,73,Sales,44122,45380
18079,61,Engineering,44122,61487
18080,39,Engineering,44123,79327
18081,42,Engineering,44123,50659
18082,55,Sales,44124,99709
18083,34,Engineering,44122,86701
18084,69,Sales,44125,59220
18085,68,Engineering,44125,67769
18086,69,Customer Support,44124,104436
18087,22,Sales,44123,51098
18088,35,Sales,44122,84146
18089,42,Customer Support,44126,68312
18090,66,HR,44122,47560
18091,59,Sales,44123,55886
18092,55,Engineering,44123,78328
18093,46,HR,44124,77858
18094,39,HR,44122,74848
18095,29,Sales,44126,70175
18096,60,Customer Support,44122,58960
18097,58,Engineering,44125,78359
18098,55,Customer Support,44123,81213
18099,69,Engineering,44124,72628
18100,62,Customer Support,44123,35000
18101,28,Engineering,44122,66596
18102,55,Sales,44125,83233
18103,33,Engineering,44123,88418
18104,64,Sales,44125,62252
18105,36,Engineering,44126,82266
18106,38,Customer Support,44125,73027
18107,28,Sales,44126,76708
18108,26,Engineering,44124,52816
18109,39,Sales,44124,53918
18110,49,Engineering,44122,64632
18111,74,Customer Support,44125,95833
18112,73,Engineering,44123,74033
18113,60,Engineering,44125,69828
18114,55,Engineering,44125,82128
18115,57,Sales,44123,60523
18116,49,HR,44124,87420
18117,38,Engineering,44123,65580
18118,33,Customer Support,44122,46168
18119,74,Sales,44123,63048
18120,36,Sales,44126,54072
18121,50,Sales,44126,60635
18122,74,Customer Support,44122,56935
18123,60,Engineering,44124,81167
18124,67,Customer Support,44125,72904
18125,23,Sales,44122,86883
18126,64,Sales,44123,65081
18127,33,Engineering,44124,46855
18128,33,Sales,44122,76826
18129,34,Engineering,44123,79251
18130,49,HR,44125,96847
18131,65,Engineering,44125,75816
18132,62,Sales,44125,82340
18133,27,Customer Support,44126,83663
18134,25,Engineering,44123,61155
18135,53,Sales,44122,75541
18136,40,HR,44124,70264
18137,32,Engineering,44124,80537
18138,57,Customer Support,44122,79317
18139,67,Sales,44125,86346
18140,52,Customer Support,44122,89961
18141,44,Sales,44124,55062
18142,52,HR,44122,49300
18143,65,Engineering,44122,83733
18144,22,Engineering,44122,55751
18145,24,Engineering,44122,45001
18146,37,Engineering,44125,88654
18147,58,Customer Support,44123,83553
18148,46,Engineering,44125,62834
18149,52,Customer Support,44122,68522
18150,57,Customer Support,44125,56795
18151,54,Sales,44124,79769
18152,29,Customer Support,44124,79908
18153,52,Customer Support,44124,81596
18154,61,Customer Support,44122,50086
18155,36,Engineering,44123,68001
18156,73,Engineering,44125,50023
18157,31,Customer Support,44122,78564
18158,62,Sales,44126,43688
18159,24,Customer Support,44126,62917
18160,47,Sales,44124,59281
18161,63,Engineering,44125,60144
18162,52,Engineering,44123,84132
18163,73,Sales,44123,77758
18164,63,Customer Support,44124,79129
18165,45,Engineering,44123,35962
18166,66,Customer Support,44126,78618
18167,27,Sales,44126,76498
18168,31,Customer Support,44123,84016
18169,65,Sales,44123,64523
18170,36,Engineering,44125,71736
18171,55,Engineering,44126,83751
18172,63,Sales,44124,58965
18173,30,Customer Support,44126,75628
18174,29,Sales,44124,70239
18175,26,Sales,44122,71394
18176,43,Engineering,44122,67003
18177,54,HR,44122,62202
18178,46,Engineering,44123,86215
18179,49,Customer Support,44126,61886
18180,60,HR,44124,69901
18181,50,Customer Support,44125,69177
18182,63,Customer Support,44125,113428
18183,62,Sales,44125,76130
18184,30,Sales,44126,84079
18185,72,Customer Support,44124,78151
18186,42,Engineering,44125,67060
18187,36,Engineering,44124,62280
18188,47,Sales,44125,63159
18189,24,Engineering,44125,87978
18190,34,Engineering,44125,65455
18191,69,Engineering,44123,62686
18192,40,Sales,44126,38258
18193,65,Engineering,44126,83869
18194,23,Sales,44126,43514
18195,39,Sales,44124,87207
18196,42,Customer Support,44125,71299
18197,42,Engineering,44122,69642
18198,73,Customer Support,44124,49233
18199,42,Customer Support,44123,72145
18200,56,Sales,44126,57196
18201,64,Engineering,44126,86459
18202,30,Customer Support,44122,99028
18203,48,Sales,44123,51555
18204,38,Engineering,44126,73836
18205,34,Engineering,44123,57316
18206,58,HR,44124,77301
18207,68,Engineering,44126,82174
18208,22,Customer Support,44125,80099
18209,52,Customer Support,44123,75377
18210,34,Customer Support,44123,73697
18211,41,Customer Support,44124,71322
18212,72,Engineering,44125,66367
18213,64,Engineering,44125,69341
18214,72,Customer Support,44123,40554
18215,34,Sales,44124,74027
18216,46,Engineering,44124,87107
18217,40,HR,44124,82653
18218,53,Customer Support,44122,67705
18219,56,Sales,44126,80531
18220,24,HR,44126,79323
18221,47,Engineering,44123,50579
18222,25,HR,44125,59111
18223,30,Sales,44125,64157
18224,25,Customer Support,44126,70337
18225,47,Engineering,44125,75272
18226,36,Sales,44125,71808
18227,50,Sales,44122,52576
18228,52,Customer Support,44124,67210
18229,58,HR,44124,62863
18230,36,Customer Support,44123,78828
18231,32,Engineering,44122,66566
18232,33,Engineering,44126,40763
18233,40,HR,44126,74737
18234,66,Customer Support,44123,70076
18235,51,Sales,44126,82218
18236,22,Sales,44123,61128
18237,47,Sales,44122,78659
18238,30,HR,44125,77945
18239,61,Engineering,44125,74999
18240,67,Engineering,44122,64584
18241,47,HR,44122,81369
18242,37,HR,44122,84901
18243,44,Sales,44123,41768
18244,37,Engineering,44125,56317
18245,56,Engineering,44122,35000
18246,46,Customer Support,44124,51252
18247,43,Engineering,44122,69868
18248,52,Sales,44126,64393
18249,34,Sales,44126,79326
18250,43,Engineering,44122,68688
18251,28,Engineering,44126,56384
18252,24,Sales,44122,74464
18253,35,Customer Support,44126,52950
18254,26,Customer Support,44123,64182
18255,44,Engineering,44124,96668
18256,40,Customer Support,44124,72255
18257,60,Customer Support,44125,74192
18258,46,Customer Support,44125,65409
18259,64,HR,44124,70393
18260,33,HR,44124,60315
18261,36,Customer Support,44122,60826
18262,45,Sales,44124,50764
18263,46,Customer Support,44125,89391
18264,53,Engineering,44123,49548
18265,43,Sales,44124,81942
18266,26,Engineering,44126,56236
18267,25,HR,44125,93235
18268,30,Customer Support,44123,72238
18269,74,Engineering,44124,65225
18270,49,Sales,44125,51861
18271,40,Engineering,44125,70485
18272,64,Customer Support,44125,39836
18273,43,Engineering,44126,89472
18274,25,Engineering,44125,56420
18275,64,Customer Support,44126,57879
18276,27,Engineering,44122,85805
18277,67,Sales,44125,77175
18278,63,Sales,44122,67226
18279,62,Sales,44124,74861
18280,31,Engineering,44123,49554
18281,29,Customer Support,44123,74041
18282,67,Sales,44122,64496
18283,73,HR,44126,70538
18284,67,Customer Support,44123,86937
18285,44,Engineering,44125,76798
18286,62,Sales,44124,94636
18287,59,Engineering,44125,84427
18288,37,Sales,44122,97473
18289,25,HR,44123,51898
18290,60,Customer Support,44126,40476
18291,25,Engineering,44122,48278
18292,28,Customer Support,44124,61800
18293,41,Engineering,44122,65987
18294,47,Engineering,44126,65139
18295,73,Engineering,44122,57666
18296,23,Sales,44125,69066
18297,59,HR,44123,84981
18298,36,Sales,44124,89284
18299,39,Engineering,44124,75272
18300,35,Sales,44124,98362
18301,69,Customer Support,44126,62380
18302,33,Sales,44125,86159
18303,28,Sales,44125,66987
18304,46,Engineering,44124,58164
18305,22,Engineering,44125,78862
18306,22,Customer Support,44124,68140
18307,55,Sales,44124,35000
18308,64,Engineering,44125,54483
18309,71,Customer Support,44123,83046
18310,32,Customer Support,44125,80117
18311,37,Engineering,44122,52297
18312,46,Engineering,44122,70790
18313,59,Sales,44125,79451
18314,56,Customer Support,44125,67876
18315,71,Customer Support,44124,66662
18316,53,Engineering,44123,76305
18317,69,Sales,44123,61000
18318,49,Engineering,44124,65316
18319,28,Engineering,44123,93689
18320,47,Sales,44122,70513
18321,66,Engineering,44126,59374
18322,60,Sales,44126,68927
18323,44,Customer Support,44126,78031
18324,29,Sales,44126,77639
18325,34,Sales,44122,48381
18326,54,HR,44126,67120
18327,67,Customer Support,44125,67923
18328,53,Customer Support,44123,52524
18329,64,Engineering,44123,76272
18330,43,Sales,44125,73094
18331,23,Sales,44125,66016
18332,28,Engineering,44123,60103
18333,48,Customer Support,44122,94654
18334,48,Sales,44123,50527
18335,31,Engineering,44122,35000
18336,56,Engineering,44122,57248
18337,74,Sales,44122,71298
18338,37,Sales,44124,70094
18339,22,Sales,44123,88816
18340,63,Sales,44126,76028
18341,37,Engineering,44123,71772
18342,31,Engineering,44125,44228
18343,51,Engineering,44123,82229
18344,70,Sales,44122,70695
18345,31,HR,44125,35000
18346,56,HR,44124,76235
18347,58,Customer Support,44124,64914
18348,23,Engineering,44126,70471
18349,53,Sales,44124,49936
18350,73,Engineering,44124,89620
18351,39,Customer Support,44124,63060
18352,61,Customer Support,44125,83328
18353,60,Sales,44122,73565
18354,63,Engineering,44122,44966
18355,27,Sales,44126,78711
18356,45,Engineering,44123,74077
18357,74,Sales,44125,83050
18358,25,Sales,44125,64425
18359,26,Customer Support,44123,98242
18360,62,Engineering,44122,82519
18361,32,Sales,44124,77675
18362,34,Customer Support,44122,80031
18363,41,Sales,44125,89653
18364,69,Engineering,44126,62981
18365,70,Customer Support,44122,71919
18366,53,Engineering,44125,46944
18367,33,Sales,44125,57172
18368,74,Customer Support,44122,66313
18369,50,Customer Support,44124,59342
18370,43,Sales,44122,51320
18371,30,Sales,44122,76814
18372,50,Engineering,44125,78472
18373,73,Engineering,44124,70902
18374,35,Engineering,44122,71433
18375,64,Sales,44126,57268
18376,41,Customer Support,44126,51846
18377,30,Customer Support,44124,66313
18378,52,Engineering,44123,62908
18379,48,Engineering,44124,79260
18380,41,Customer Support,44124,80303
18381,56,Customer Support,44122,61304
18382,53,Engineering,44122,86648
18383,27,Customer Support,44126,81286
18384,63,Engineering,44126,66461
18385,56,Engineering,44123,54252
18386,50,Engineering,44123,99182
18387,29,Engineering,44126,56043
18388,69,Sales,44124,56341
18389,42,Engineering,44126,69842
18390,26,Engineering,44123,62212
18391,53,Sales,44122,72682
18392,24,Engineering,44125,82164
18393,28,Engineering,44124,45740
18394,58,Engineering,44122,35000
18395,32,HR,44125,91701
18396,27,Engineering,44124,61558
18397,39,Engineering,44124,99157
18398,32,Sales,44125,66651
18399,68,Engineering,44126,53382
18400,39,Engineering,44123,52365
18401,74,HR,44123,40270
18402,49,Engineering,44125,64294
18403,32,Engineering,44123,61229
18404,46,Sales,44126,63018
18405,40,Engineering,44125,49168
18406,38,HR,44125,71338
18407,63,Engineering,44124,69497
18408,68,Sales,44124,77116
18409,23,Customer Support,44122,59151
18410,41,HR,44124,64826
18411,57,Sales,44123,93355
18412,28,HR,44123,50460
18413,57,Sales,44125,63868
18414,22,Sales,44125,61015
18415,71,Sales,44122,71821
18416,27,Sales,44125,85224
18417,34,Engineering,44125,79201
18418,45,Sales,44123,97354
18419,42,Customer Support,44126,107382
18420,62,HR,44124,87943
18421,35,Customer Support,44123,72521
18422,47,Engineering,44123,46276
18423,62,Sales,44124,98323
18424,74,Sales,44124,63830
18425,26,Sales,44123,78068
18426,67,Customer Support,44122,84813
18427,71,Engineering,44126,76823
18428,32,Customer Support,44126,77886
18429,73,Engineering,44124,68755
18430,49,Sales,44126,84628
18431,51,Customer Support,44123,70328
18432,61,Engineering,44125,35000
18433,47,HR,44124,41952
18434,62,Engineering,44124,98161
18435,31,Sales,44122,75357
18436,67,Sales,44124,69898
18437,22,Sales,44124,78384
18438,54,Engineering,44122,68814
18439,39,Engineering,44125,45704
18440,38,Customer Support,44124,70353
18441,48,Engineering,44124,65271
18442,44,Sales,44125,60904
18443,22,Customer Support,44125,79729
18444,25,Sales,44126,72016
18445,66,Customer Support,44123,100679
18446,72,Engineering,44124,72197
18447,24,Engineering,44124,72117
18448,48,Sales,44124,103173
18449,35,Customer Support,44126,71151
18450,73,Sales,44122,72787
18451,69,Sales,44124,66149
18452,30,Engineering,44125,68023
18453,29,HR,44122,65680
18454,61,Engineering,44123,77234
18455,65,Engineering,44123,107149
18456,48,Sales,44123,76440
18457,70,Engineering,44126,57761
18458,23,Sales,44122,81269
18459,38,Engineering,44124,74910
18460,42,Sales,44123,76033
18461,38,Engineering,44126,70156
18462,52,Engineering,44123,79460
18463,66,Customer Support,44122,81548
18464,52,Sales,44126,66054
18465,74,Engineering,44125,76067
18466,30,Sales,44123,74676
18467,73,Customer Support,44123,102947
18468,29,Engineering,44124,93196
18469,69,Engineering,44124,65870
18470,30,HR,44126,77610
18471,47,Engineering,44123,65732
18472,40,Engineering,44123,72176
18473,35,Sales,44123,58164
18474,37,Sales,44126,61933
18475,62,Customer Support,44125,46894
18476,45,Sales,44126,59443
18477,24,Customer Support,44122,94626
18478,61,Customer Support,44126,88619
18479,63,Sales,44124,74626
18480,48,Engineering,44124,45473
18481,28,Sales,44126,52817
18482,43,Engineering,44124,53421
18483,67,Engineering,44124,88168
18484,43,HR,44122,68536
18485,52,Customer Support,44124,73951
18486,63,Customer Support,44124,59325
18487,73,Sales,44125,67036
18488,43,HR,44126,64871
18489,26,Sales,44122,68700
18490,27,Customer Support,44122,59059
18491,30,Engineering,44123,40868
18492,60,Customer Support,44123,62072
18493,69,Engineering,44125,79345
18494,73,Sales,44124,43487
18495,50,Sales,44124,55378
18496,44,Engineering,44124,63714
18497,57,Sales,44122,66985
18498,74,HR,44122,75600
18499,56,HR,44123,77323
18500,54,Sales,44126,66482
18501,39,Engineering,44123,66614
18502,33,Engineering,44123,68385
18503,47,Customer Support,44126,65325
18504,42,HR,44126,64969
18505,72,Engineering,44123,74166
18506,24,Sales,44124,75141
18507,60,Sales,44126,54418
18508,22,Engineering,44125,71452
18509,27,Customer Support,44125,75017
18510,32,Engineering,44123,60757
18511,50,Engineering,44126,50706
18512,40,Sales,44125,70623
18513,72,HR,44126,79758
18514,64,Customer Support,44124,59372
18515,47,Sales,44122,76506
18516,37,Customer Support,44122,79068
18517,74,HR,44124,76045
18518,29,Sales,44125,51252
18519,71,Customer Support,44122,61476
18520,67,Engineering,44122,83439
18521,37,Sales,44126,59743
18522,25,Engineering,44123,80168
18523,39,Engineering,44125,92330
18524,72,Engineering,44123,79773
18525,49,Sales,44126,81107
18526,58,Engineering,44125,79799
18527,47,Sales,44123,52299
18528,66,Engineering,44123,79496
18529,56,Engineering,44124,67067
18530,25,Sales,44126,64778
18531,45,Sales,44125,59438
18532,49,Engineering,44122,71122
18533,66,Sales,44126,67847
18534,22,Executive,44124,83396
18535,70,Engineering,44126,58381
18536,67,Sales,44124,58465
18537,53,Sales,44123,86976
18538,46,Engineering,44123,80859
18539,65,Customer Support,44125,75908
18540,63,Sales,44123,67813
18541,69,Customer Support,44125,74837
18542,41,Customer Support,44124,89115
18543,22,Sales,44124,49653
18544,39,Engineering,44122,46511
18545,59,Customer Support,44122,53136
18546,62,Sales,44125,50430
18547,23,Customer Support,44122,78694
18548,46,Engineering,44123,78804
18549,53,Sales,44125,87638
18550,59,Engineering,44123,110608
18551,68,Engineering,44124,35000
18552,64,Engineering,44122,44236
18553,41,Engineering,44125,70752
18554,31,Sales,44126,98669
18555,51,Engineering,44125,84803
18556,68,Engineering,44125,77461
18557,32,Sales,44126,92049
18558,29,Sales,44123,73314
18559,25,Customer Support,44126,55847
18560,34,Sales,44125,53663
18561,51,Sales,44124,82360
18562,46,Engineering,44123,81135
18563,22,Customer Support,44125,53898
18564,63,Engineering,44126,65197
18565,34,Engineering,44125,65372
18566,62,Sales,44126,91478
18567,61,Engineering,44125,57602
18568,70,HR,44122,48553
18569,26,Engineering,44124,59641
18570,33,Customer Support,44122,62830
18571,53,Customer Support,44122,35173
18572,55,Customer Support,44126,66174
18573,64,HR,44122,102815
18574,58,Customer Support,44126,99019
18575,31,Sales,44122,67258
18576,32,Customer Support,44126,96495
18577,54,Customer Support,44123,55657
18578,24,Engineering,44123,69168
18579,48,Customer Support,44125,64395
18580,27,Engineering,44125,59881
18581,27,Engineering,44124,82269
18582,23,Sales,44124,82792
18583,29,Engineering,44125,58096
18584,58,Customer Support,44123,79929
18585,65,Engineering,44122,88164
18586,60,Sales,44125,78040
18587,25,Engineering,44124,70898
18588,65,Engineering,44125,65324
18589,29,Engineering,44125,78598
18590,44,Sales,44126,66233
18591,25,Engineering,44126,50461
18592,33,Sales,44124,53618
18593,43,Sales,44124,87749
18594,59,Customer Support,44124,70437
18595,67,HR,44122,86908
18596,53,HR,44126,70764
18597,61,Customer Support,44124,67699
18598,43,Engineering,44124,37371
18599,23,Engineering,44123,50582
18600,60,Customer Support,44123,57087
18601,48,Customer Support,44123,91228
18602,43,Engineering,44126,61443
18603,65,Customer Support,44126,59271
18604,68,Sales,44126,47461
18605,37,Sales,44124,65338
18606,42,Sales,44124,63027
18607,48,Sales,44122,52370
18608,59,Customer Support,44125,84693
18609,36,Engineering,44126,89812
18610,43,Sales,44126,79162
18611,73,Sales,44124,69146
18612,62,Engineering,44124,85217
18613,55,Customer Support,44126,75165
18614,55,Customer Support,44124,45696
18615,38,Engineering,44126,95138
18616,69,Engineering,44126,53568
18617,31,Customer Support,44124,65290
18618,37,Engineering,44126,74090
18619,54,Engineering,44126,81157
18620,36,Sales,44126,78456
18621,22,Customer Support,44124,71571
18622,36,HR,44124,54165
18623,43,Sales,44124,67821
18624,61,Engineering,44126,96991
18625,59,Engineering,44124,48882
18626,50,Engineering,44123,68201
18627,59,Sales,44125,56868
18628,27,Engineering,44124,90438
18629,34,Engineering,44122,62930
18630,34,HR,44122,44396
18631,36,Engineering,44125,89048
18632,68,HR,44123,81680
18633,46,Customer Support,44122,65947
18634,61,Customer Support,44123,51122
18635,22,Engineering,44123,85148
18636,66,Sales,44126,99190
18637,65,Engineering,44126,67877
18638,72,Engineering,44125,47844
18639,28,Customer Support,44124,75175
18640,53,Customer Support,44125,66680
18641,22,Engineering,44126,92202
18642,70,Sales,44123,53794
18643,58,Sales,44123,65338
18644,42,Engineering,44123,58132
18645,64,Engineering,44125,68131
18646,32,Engineering,44125,58295
18647,63,Customer Support,44124,63351
18648,44,Sales,44125,57106
18649,31,Engineering,44125,73052
18650,57,Engineering,44124,62317
18651,60,HR,44122,67075
18652,59,Sales,44124,69734
18653,54,Sales,44122,98229
18654,59,Customer Support,44122,85287
18655,48,Engineering,44126,81702
18656,24,Engineering,44124,98171
18657,26,HR,44126,71695
18658,51,Customer Support,44126,59031
18659,43,Sales,44124,70979
18660,36,Engineering,44126,61134
18661,31,Engineering,44126,71479
18662,60,Engineering,44123,53732
18663,36,Engineering,44125,43417
18664,23,Customer Support,44122,75633
18665,64,Engineering,44126,67936
18666,24,Sales,44123,79015
18667,53,Engineering,44126,75128
18668,66,Customer Support,44122,78814
18669,27,Engineering,44123,58874
18670,54,Engineering,44123,63799
18671,68,Customer Support,44126,79976
18672,36,HR,44124,74618
18673,54,HR,44123,83387
18674,61,Engineering,44126,44302
18675,28,Customer Support,44123,39283
18676,53,Customer Support,44122,54929
18677,31,Sales,44124,74067
18678,51,Customer Support,44126,64726
18679,51,Sales,44126,68544
18680,36,Sales,44124,78584
18681,66,Engineering,44122,45823
18682,40,Customer Support,44125,48681
18683,56,Engineering,44123,68691
18684,74,Engineering,44122,71429
18685,74,Sales,44126,70858
18686,70,Sales,44124,69306
18687,28,Sales,44122,88837
18688,60,Sales,44125,48043
18689,50,Engineering,44125,73380
18690,63,Customer Support,44126,87496
18691,38,HR,44123,71485
18692,38,Engineering,44124,86847
18693,25,Sales,44126,68294
18694,23,Sales,44124,79961
18695,32,Engineering,44122,86080
18696,61,Customer Support,44124,62458
18697,51,Customer Support,44122,64442
18698,34,Engineering,44125,76554
18699,44,Engineering,44123,95717
18700,61,Engineering,44126,59893
18701,60,Customer Support,44124,71044
18702,32,Engineering,44126,76307
18703,37,Engineering,44123,67248
18704,56,Sales,44124,46298
18705,46,Sales,44122,58857
18706,70,Engineering,44123,81267
18707,25,Customer Support,44126,63351
18708,52,Sales,44124,88594
18709,52,Engineering,44123,72227
18710,37,Sales,44124,74648
18711,50,Engineering,44125,81171
18712,44,Sales,44125,64610
18713,25,Engineering,44122,36649
18714,42,Engineering,44122,59961
18715,29,Customer Support,44122,51336
18716,74,Engineering,44126,79577
18717,41,Customer Support,44126,67491
18718,51,Sales,44124,61899
18719,48,Sales,44123,77724
18720,70,Sales,44126,65154
18721,69,HR,44123,62901
18722,60,Engineering,44122,75821
18723,29,HR,44126,74506
18724,34,HR,44125,60739
18725,44,Sales,44122,86778
18726,24,Engineering,44123,88397
18727,55,Engineering,44126,59210
18728,58,Customer Support,44125,65960
18729,51,Customer Support,44123,79549
18730,38,Customer Support,44124,76373
18731,44,Engineering,44122,41705
18732,37,Sales,44122,80894
18733,54,Sales,44122,67297
18734,22,Engineering,44122,81051
18735,28,Engineering,44126,68852
18736,66,Customer Support,44126,69308
18737,28,Engineering,44125,56291
18738,55,Engineering,44124,59145
18739,60,HR,44123,73090
18740,52,HR,44126,76594
18741,58,Sales,44123,66541
18742,43,Sales,44122,91156
18743,56,Engineering,44126,66287
18744,43,Sales,44122,82300
18745,60,Engineering,44123,40029
18746,44,HR,44124,72943
18747,56,Sales,44126,69356
18748,23,Engineering,44122,84462
18749,66,Customer Support,44125,56997
18750,70,Sales,44126,71545
18751,37,Sales,44124,63776
18752,35,Engineering,44126,68861
18753,49,Customer Support,44125,52028
18754,73,Customer Support,44123,46772
18755,26,Engineering,44126,93813
18756,45,Engineering,44126,66913
18757,73,Customer Support,44126,82269
18758,48,Sales,44123,78408
18759,54,Engineering,44122,82279
18760,53,Engineering,44125,77296
18761,25,HR,44124,65146
18762,53,Engineering,44123,66649
18763,36,Sales,44126,84151
18764,23,Engineering,44124,89632
18765,24,Engineering,44125,82792
18766,64,Customer Support,44123,46112
18767,35,Customer Support,44123,60012
18768,35,Sales,44123,72334
18769,55,Engineering,44122,67176
18770,54,Customer Support,44126,63447
18771,72,Sales,44126,68814
18772,42,HR,44122,61225
18773,55,Engineering,44124,72213
18774,35,Customer Support,44122,81865
18775,24,Engineering,44124,72134
18776,56,Sales,44124,93097
18777,45,Engineering,44123,78652
18778,57,Sales,44124,72146
18779,39,Sales,44125,66133
18780,72,Engineering,44124,59860
18781,51,Sales,44126,68606
18782,31,Sales,44124,51358
18783,68,Engineering,44124,83259
18784,22,Engineering,44122,75208
18785,59,Engineering,44125,58653
18786,23,Customer Support,44125,77008
18787,74,Customer Support,44123,68688
18788,54,Engineering,44126,75479
18789,48,Customer Support,44123,51207
18790,65,Customer Support,44122,58632
18791,47,Engineering,44124,64815
18792,50,Customer Support,44124,82353
18793,69,Engineering,44125,66931
18794,50,Customer Support,44124,65373
18795,22,Sales,44124,56037
18796,57,Sales,44124,60614
18797,69,Customer Support,44123,63065
18798,49,Sales,44124,96683
18799,61,Sales,44125,59655
18800,73,HR,44125,69485
18801,32,Customer Support,44125,64115
18802,26,Sales,44125,66856
18803,45,Sales,44126,84835
18804,60,Sales,44126,46006
18805,49,Sales,44124,79076
18806,39,Engineering,44126,61345
18807,29,Customer Support,44124,56714
18808,28,Sales,44126,51075
18809,40,Sales,44126,49140
18810,61,Engineering,44125,51325
18811,67,Customer Support,44122,58547
18812,58,Engineering,44122,57856
18813,40,Customer Support,44124,72654
18814,74,Customer Support,44125,57997
18815,25,Engineering,44126,78703
18816,74,HR,44124,53778
18817,22,Sales,44125,61042
18818,33,Sales,44123,92689
18819,53,Engineering,44123,46215
18820,23,Engineering,44124,74172
18821,64,Sales,44124,65252
18822,27,Customer Support,44123,67929
18823,47,Customer Support,44122,80315
18824,55,HR,44124,44280
18825,55,Sales,44123,86035
18826,38,Customer Support,44125,55912
18827,65,Sales,44125,81049
18828,74,Engineering,44122,91124
18829,40,Engineering,44122,60527
18830,70,Sales,44126,80370
18831,33,Sales,44122,80735
18832,46,Customer Support,44124,54474
18833,56,Sales,44125,82544
18834,45,Customer Support,44122,83720
18835,74,Engineering,44125,56089
18836,39,Sales,44122,83111
18837,30,Engineering,44123,35000
18838,65,Engineering,44125,70530
18839,70,Sales,44123,63923
18840,59,Engineering,44122,35000
18841,65,Sales,44126,77829
18842,58,Engineering,44124,50423
18843,29,Sales,44123,75732
18844,23,Sales,44123,67890
18845,42,Customer Support,44125,85649
18846,56,Engineering,44124,71696
18847,58,Sales,44124,91126
18848,53,Sales,44125,62860
18849,51,Engineering,44125,80369
18850,73,Engineering,44124,70506
18851,68,Engineering,44126,54285
18852,56,Sales,44124,67826
18853,31,Sales,44122,69569
18854,55,Engineering,44126,66331
18855,48,HR,44126,59795
18856,51,Customer Support,44124,49187
18857,65,Engineering,44122,66004
18858,29,Sales,44123,68824
18859,48,Engineering,44122,67437
18860,29,Engineering,44126,69411
18861,67,Engineering,44124,82871
18862,27,Engineering,44124,62658
18863,68,Customer Support,44124,94792
18864,46,Engineering,44125,75823
18865,34,Engineering,44123,66832
18866,50,Engineering,44122,43478
18867,41,Engineering,44126,74712
18868,23,Engineering,44126,46022
18869,39,Engineering,44122,52320
18870,56,Engineering,44126,74874
18871,47,Sales,44125,74172
18872,53,Engineering,44126,82905
18873,34,Sales,44122,81815
18874,49,Engineering,44126,89858
18875,43,Sales,44124,76511
18876,67,Customer Support,44125,94749
18877,71,Engineering,44125,51507
18878,34,Engineering,44124,35000
18879,43,Sales,44123,73542
18880,72,Sales,44124,51003
18881,63,Engineering,44125,59452
18882,60,Engineering,44122,85388
18883,34,Sales,44125,67731
18884,63,Customer Support,44124,81603
18885,37,Sales,44125,85753
18886,42,Engineering,44124,57145
18887,29,Customer Support,44126,66606
18888,46,Sales,44124,69140
18889,22,Sales,44124,71975
18890,48,Customer Support,44126,63109
18891,50,HR,44126,62465
18892,38,Sales,44126,90603
18893,44,Customer Support,44123,105843
18894,28,Engineering,44123,83187
18895,29,Engineering,44122,78622
18896,69,Engineering,44125,67776
18897,48,Customer Support,44125,79202
18898,65,HR,44124,76004
18899,42,Engineering,44126,76421
18900,49,Engineering,44122,76695
18901,39,Sales,44123,88560
18902,40,Sales,44123,83288
18903,68,Engineering,44123,91178
18904,41,Sales,44126,119825
18905,67,Sales,44125,38041
18906,35,Sales,44124,87877
18907,48,Customer Support,44124,58156
18908,22,HR,44122,52326
18909,68,Engineering,44125,55111
18910,57,Customer Support,44125,50728
18911,68,Customer Support,44124,52511
18912,32,Engineering,44126,47460
18913,63,Sales,44123,35664
18914,47,Sales,44126,79109
18915,36,Sales,44122,93927
18916,44,Sales,44125,78673
18917,28,Engineering,44123,60972
18918,60,Engineering,44124,88555
18919,52,Engineering,44122,71264
18920,38,Sales,44126,82816
18921,38,Engineering,44122,51471
18922,70,Engineering,44123,53681
18923,52,Customer Support,44122,84852
18924,37,HR,44123,63830
18925,66,Engineering,44126,54744
18926,24,Sales,44126,48304
18927,42,Engineering,44122,52632
18928,29,Sales,44124,67048
18929,68,Engineering,44123,76161
18930,32,Sales,44123,85621
18931,58,Engineering,44122,68970
18932,28,Sales,44125,78867
18933,63,Sales,44122,61242
18934,42,Customer Support,44124,78494
18935,46,Sales,44125,83221
18936,70,Sales,44124,77861
18937,70,Engineering,44124,59960
18938,50,Sales,44122,50819
18939,66,Engineering,44124,72669
18940,25,HR,44122,94151
18941,40,Engineering,44125,65815
18942,42,Customer Support,44123,78597
18943,39,Sales,44124,70882
18944,70,Engineering,44123,88268
18945,41,Engineering,44122,76065
18946,58,Engineering,44125,68709
18947,70,HR,44125,47281
18948,73,Engineering,44123,86705
18949,64,Sales,44124,75195
18950,42,Engineering,44124,69670
18951,27,Sales,44125,99221
18952,48,Engineering,44123,62330
18953,49,Engineering,44126,65804
18954,48,Engineering,44126,87551
18955,43,Sales,44124,62492
18956,31,Engineering,44124,134345
18957,74,Customer Support,44123,81799
18958,71,Sales,44125,76808
18959,42,Sales,44124,58960
18960,37,Engineering,44124,49614
18961,52,Sales,44122,97122
18962,38,Customer Support,44126,49492
18963,48,Sales,44125,81132
18964,34,Engineering,44124,80150
18965,66,Engineering,44125,75796
18966,72,Sales,44123,73102
18967,27,Engineering,44126,73328
18968,41,Customer Support,44122,60566
18969,62,Sales,44125,86194
18970,50,Engineering,44125,69160
18971,49,Engineering,44122,91759
18972,73,Engineering,44124,44862
18973,42,Engineering,44123,80686
18974,32,Sales,44123,42406
18975,68,Engineering,44125,69505
18976,57,Engineering,44126,70202
18977,44,Engineering,44125,64503
18978,55,Engineering,44122,80795
18979,28,Engineering,44124,87367
18980,27,HR,44122,64070
18981,69,HR,44124,63762
18982,62,Sales,44124,86739
18983,32,Engineering,44124,81416
18984,24,Engineering,44122,63593
18985,36,Customer Support,44126,61696
18986,68,Sales,44124,77613
18987,72,Sales,44124,79389
18988,40,Sales,44122,95853
18989,48,HR,44124,44172
18990,22,Customer Support,44123,82003
18991,56,Customer Support,44126,80487
18992,50,Customer Support,44124,69983
18993,50,Engineering,44122,83358
18994,66,Customer Support,44126,73392
18995,64,Engineering,44122,57524
18996,51,Customer Support,44125,83708
18997,69,Engineering,44123,75212
18998,46,Customer Support,44125,99103
18999,53,Engineering,44126,66004
19000,35,Engineering,44123,64697
19001,69,Sales,44122,92170
19002,27,Engineering,44123,58592
19003,27,Customer Support,44126,92527
19004,42,Engineering,44122,87030
19005,34,Sales,44123,40043
19006,71,Customer Support,44126,64109
19007,46,HR,44123,75177
19008,32,Customer Support,44123,71334
19009,74,Engineering,44125,66446
19010,45,Engineering,44123,67550
19011,74,Sales,44122,111145
19012,65,Engineering,44124,79289
19013,28,Sales,44125,67446
19014,53,Sales,44123,68029
19015,43,Sales,44125,62310
19016,37,Sales,44126,70438
19017,72,Executive,44125,98009
19018,31,Engineering,44123,69217
19019,41,Customer Support,44122,77484
19020,67,Engineering,44125,59782
19021,74,Sales,44125,67443
19022,68,Customer Support,44123,74573
19023,68,Sales,44126,114499
19024,24,Engineering,44124,83509
19025,61,Engineering,44126,49586
19026,65,Sales,44123,68876
19027,55,Sales,44122,69318
19028,50,Customer Support,44125,53649
19029,55,Engineering,44125,75694
19030,56,Engineering,44124,88875
19031,63,Sales,44122,80421
19032,48,Customer Support,44123,83361
19033,28,Sales,44125,78491
19034,27,Sales,44125,81197
19035,33,Sales,44124,78376
19036,60,Engineering,44126,65414
19037,24,Engineering,44123,54779
19038,60,Engineering,44122,67828
19039,27,Engineering,44125,48792
19040,72,Engineering,44122,63711
19041,53,Sales,44125,74773
19042,64,Engineering,44123,86060
19043,61,Engineering,44122,48522
19044,72,Sales,44122,65904
19045,49,Sales,44126,93438
19046,74,Engineering,44122,88810
19047,34,HR,44122,65187
19048,47,Customer Support,44125,79848
19049,67,Customer Support,44123,73016
19050,23,Engineering,44123,105951
19051,66,Engineering,44123,58598
19052,30,Sales,44123,74594
19053,65,Sales,44125,91005
19054,25,Engineering,44126,39291
19055,71,Engineering,44122,67665
19056,48,Customer Support,44123,92843
19057,49,Sales,44125,69013
19058,37,Engineering,44125,59434
19059,35,Sales,44124,68115
19060,41,Engineering,44122,57248
19061,46,Sales,44122,48819
19062,28,Sales,44126,94769
19063,59,Engineering,44122,95928
19064,37,Sales,44124,82279
19065,56,Engineering,44122,89874
19066,56,Sales,44126,92384
19067,42,HR,44125,78230
19068,36,Customer Support,44122,89813
19069,74,Engineering,44125,42806
19070,73,Sales,44123,94417
19071,29,Engineering,44125,77300
19072,28,Sales,44126,71970
19073,52,Customer Support,44122,91035
19074,68,Engineering,44125,68873
19075,74,Sales,44122,80646
19076,69,Sales,44122,73240
19077,67,Engineering,44126,49582
19078,37,Engineering,44124,78924
19079,26,HR,44122,67227
19080,60,Engineering,44123,70832
19081,25,Engineering,44125,65371
19082,40,Engineering,44122,68915
19083,46,Engineering,44125,55504
19084,23,Engineering,44126,86770
19085,33,Engineering,44122,53435
19086,50,Sales,44126,76408
19087,37,HR,44124,71326
19088,53,Sales,44126,91921
19089,28,Engineering,44123,87968
19090,69,HR,44122,70201
19091,34,Engineering,44123,69352
19092,74,Engineering,44124,76811
19093,62,Engineering,44124,51732
19094,44,Sales,44125,100315
19095,48,HR,44125,35309
19096,72,Customer Support,44123,52867
19097,28,Customer Support,44122,87313
19098,45,Engineering,44123,85012
19099,48,Engineering,44126,40954
19100,40,Sales,44122,84350
19101,63,HR,44122,64325
19102,30,Engineering,44122,75879
19103,71,Customer Support,44122,55885
19104,52,Customer Support,44124,75052
19105,29,Sales,44125,83347
19106,31,Sales,44124,73630
19107,71,Customer Support,44123,87664
19108,67,Customer Support,44124,66523
19109,70,Engineering,44123,43552
19110,63,Engineering,44122,78734
19111,62,HR,44125,62343
19112,30,Customer Support,44126,78715
19113,42,Sales,44124,66288
19114,57,Engineering,44126,92214
19115,29,Engineering,44126,59113
19116,41,Sales,44125,74248
19117,28,Sales,44126,77904
19118,25,Sales,44125,68786
19119,67,Sales,44126,57125
19120,44,Engineering,44124,72125
19121,35,Engineering,44124,63955
19122,23,Customer Support,44126,83166
19123,36,Engineering,44126,98908
19124,54,HR,44124,66559
19125,40,Customer Support,44125,85328
19126,51,Sales,44125,51678
19127,56,Customer Support,44126,91774
19128,67,Engineering,44126,112497
19129,65,Customer Support,44125,65562
19130,67,Customer Support,44122,64945
19131,70,Sales,44125,60033
19132,35,Customer Support,44126,75125
19133,22,Customer Support,44122,72267
19134,24,Engineering,44122,75173
19135,66,Customer Support,44125,81660
19136,45,Sales,44124,59831
19137,39,Customer Support,44123,66512
19138,49,Sales,44126,101998
19139,71,HR,44126,66824
19140,51,Customer Support,44125,46829
19141,34,Customer Support,44124,74081
19142,24,Customer Support,44123,53931
19143,66,Engineering,44126,62551
19144,40,Engineering,44123,78213
19145,52,HR,44125,62752
19146,29,Customer Support,44124,52308
19147,59,Customer Support,44125,63149
19148,62,Customer Support,44125,49535
19149,24,Engineering,44124,77225
19150,49,HR,44125,80752
19151,50,Engineering,44122,52656
19152,42,Engineering,44122,73049
19153,22,Engineering,44124,67917
19154,30,Customer Support,44126,59435
19155,26,Engineering,44126,66434
19156,54,Customer Support,44123,74058
19157,41,Sales,44126,74229
19158,42,HR,44123,94823
19159,70,Engineering,44123,56411
19160,34,HR,44123,64466
19161,69,Engineering,44125,75566
19162,49,Customer Support,44123,92732
19163,37,Sales,44124,62485
19164,64,Engineering,44122,60145
19165,33,Sales,44123,46087
19166,32,Customer Support,44122,48984
19167,52,Sales,44124,66090
19168,73,Sales,44122,80248
19169,60,HR,44122,49837
19170,39,Sales,44124,81904
19171,31,Sales,44123,39621
19172,23,Engineering,44125,54635
19173,74,Sales,44122,73184
19174,48,Customer Support,44123,61238
19175,32,Customer Support,44122,71338
19176,35,HR,44122,84880
19177,49,Engineering,44122,42628
19178,51,Engineering,44123,85412
19179,63,Customer Support,44123,64265
19180,25,Engineering,44126,82824
19181,54,Sales,44123,61235
19182,71,Customer Support,44124,73420
19183,24,Engineering,44123,70453
19184,30,Sales,44125,71702
19185,38,Engineering,44122,72882
19186,39,HR,44122,89379
19187,68,Engineering,44124,72290
19188,66,Sales,44125,58049
19189,36,Sales,44124,78364
19190,33,Sales,44124,103781
19191,69,Customer Support,44124,64477
19192,41,HR,44122,67005
19193,60,Sales,44123,51803
19194,52,Engineering,44126,65268
19195,46,Engineering,44123,101164
19196,25,Sales,44123,71507
19197,48,Engineering,44125,58289
19198,67,Engineering,44124,39156
19199,68,Engineering,44125,90248
19200,71,Customer Support,44123,84633
19201,43,HR,44123,75115
19202,22,Sales,44122,70127
19203,40,Engineering,44125,42047
19204,60,Engineering,44124,61681
19205,45,Engineering,44125,78529
19206,49,Engineering,44124,82526
19207,40,Engineering,44122,71161
19208,46,Engineering,44125,67293
19209,40,Engineering,44123,63776
19210,66,Engineering,44124,42578
19211,36,Engineering,44125,58969
19212,65,Sales,44126,52613
19213,31,HR,44124,65173
19214,27,Engineering,44125,89394
19215,47,Customer Support,44124,98134
19216,39,Engineering,44126,35162
19217,39,Customer Support,44126,72399
19218,40,Engineering,44124,64965
19219,62,Sales,44125,82995
19220,29,Sales,44123,87649
19221,54,Sales,44123,83831
19222,57,Sales,44126,58087
19223,27,Engineering,44122,66266
19224,32,Sales,44126,55001
19225,58,Sales,44123,74769
19226,26,HR,44122,60335
19227,45,Sales,44123,100965
19228,39,Sales,44122,43626
19229,55,Engineering,44123,68702
19230,65,Customer Support,44124,62711
19231,36,Sales,44122,77106
19232,29,Engineering,44124,77001
19233,68,HR,44124,107299
19234,38,Engineering,44124,36311
19235,45,Sales,44125,79813
19236,74,Engineering,44123,75203
19237,42,Sales,44126,53914
19238,48,Sales,44125,86058
19239,72,Sales,44126,87847
19240,23,Engineering,44123,86141
19241,60,Engineering,44126,52619
19242,27,Engineering,44125,40746
19243,34,HR,44123,67286
19244,39,Engineering,44125,77147
19245,32,HR,44126,48015
19246,39,Engineering,44124,61762
19247,51,Engineering,44123,71693
19248,27,Engineering,44126,86003
19249,60,Customer Support,44123,79785
19250,30,Customer Support,44122,74097
19251,37,Sales,44123,65910
19252,68,Engineering,44125,61589
19253,39,Engineering,44122,81875
19254,73,HR,44125,57605
19255,69,Engineering,44125,75298
19256,71,Engineering,44124,74570
19257,74,Engineering,44123,75274
19258,72,Customer Support,44122,80750
19259,40,Sales,44125,69924
19260,72,Sales,44126,48012
19261,59,Engineering,44124,67743
19262,73,Customer Support,44125,57038
19263,61,Customer Support,44124,90469
19264,67,Engineering,44126,50437
19265,63,Engineering,44123,61083
19266,60,Customer Support,44123,55873
19267,54,HR,44122,52841
19268,70,Sales,44125,84941
19269,60,Engineering,44122,70805
19270,39,Sales,44124,80226
19271,45,Engineering,44124,64292
19272,44,HR,44123,70988
19273,67,Sales,44122,62144
19274,45,Engineering,44124,73266
19275,34,Engineering,44126,106996
19276,38,Sales,44123,78680
19277,31,Sales,44125,87954
19278,51,Engineering,44124,70758
19279,57,HR,44122,88018
19280,22,Sales,44126,73117
19281,63,Engineering,44123,65795
19282,29,Engineering,44122,72478
19283,73,Engineering,44122,45325
19284,54,Customer Support,44122,62235
19285,31,Engineering,44122,62347
19286,52,Sales,44122,45112
19287,43,Customer Support,44125,75905
19288,60,Engineering,44123,75117
19289,44,Engineering,44124,42483
19290,72,Sales,44124,64050
19291,73,Engineering,44124,77523
19292,49,Sales,44122,67327
19293,45,Sales,44123,59381
19294,70,Engineering,44126,83898
19295,34,Sales,44123,82817
19296,38,Engineering,44124,70814
19297,46,Sales,44124,55774
19298,34,Engineering,44125,62905
19299,68,Sales,44126,53303
19300,64,HR,44123,98712
19301,45,Sales,44126,40522
19302,28,Engineering,44123,52083
19303,24,Engineering,44124,72241
19304,61,Sales,44123,86943
19305,26,Executive,44122,51445
19306,56,Engineering,44123,83860
19307,70,Sales,44125,103709
19308,74,Customer Support,44125,58141
19309,49,Customer Support,44124,64417
19310,35,Engineering,44122,99748
19311,71,HR,44122,40065
19312,42,Sales,44123,86709
19313,39,Sales,44126,67938
19314,53,Engineering,44122,92919
19315,51,Engineering,44123,59242
19316,64,Sales,44124,65007
19317,37,Engineering,44126,71708
19318,39,Sales,44124,67441
19319,42,Customer Support,44124,72041
19320,61,Engineering,44125,54663
19321,23,Sales,44123,84935
19322,34,Sales,44125,63897
19323,67,Sales,44123,65815
19324,32,Sales,44123,73532
19325,42,Sales,44124,102458
19326,73,Engineering,44123,67949
19327,27,Sales,44123,64801
19328,59,Sales,44125,58010
19329,43,Sales,44126,77454
19330,33,Customer Support,44125,52722
19331,26,Sales,44126,84653
19332,26,Engineering,44122,55655
19333,72,Engineering,44125,62065
19334,28,Customer Support,44123,46680
19335,66,Engineering,44126,64462
19336,32,Engineering,44124,70789
19337,64,Engineering,44123,54577
19338,34,Customer Support,44125,56634
19339,52,Sales,44125,51878
19340,57,Engineering,44125,55746
19341,29,Sales,44125,59154
19342,44,Sales,44124,37588
19343,40,Sales,44125,56631
19344,65,Engineering,44126,52406
19345,63,Engineering,44125,83072
19346,28,Sales,44126,86625
19347,56,Sales,44122,58702
19348,27,Engineering,44126,58507
19349,51,Engineering,44125,39898
19350,33,Engineering,44125,92657
19351,27,Sales,44122,72460
19352,26,Sales,44123,62352
19353,55,Customer Support,44123,47590
19354,74,Sales,44122,56343
19355,53,Engineering,44125,53109
19356,73,Sales,44124,55146
19357,56,Customer Support,44125,54013
19358,47,Engineering,44123,68831
19359,67,HR,44122,90745
19360,62,Sales,44126,63071
19361,32,Sales,44125,75369
19362,34,Engineering,44126,67722
19363,51,Sales,44125,62685
19364,35,Customer Support,44124,88657
19365,68,Engineering,44125,50813
19366,30,Engineering,44123,57612
19367,26,HR,44122,58873
19368,34,HR,44125,68848
19369,39,HR,44125,92229
19370,26,Engineering,44123,61065
19371,37,Engineering,44125,49138
19372,50,Sales,44124,65703
19373,48,HR,44123,51444
19374,62,Engineering,44124,79054
19375,59,Engineering,44124,50758
19376,74,Engineering,44125,82117
19377,42,HR,44125,55408
19378,52,Customer Support,44126,70146
19379,48,Engineering,44124,65061
19380,69,Customer Support,44125,76270
19381,40,Sales,44125,107946
19382,27,Sales,44122,77260
19383,39,Engineering,44124,74998
19384,61,Sales,44125,49241
19385,60,Sales,44123,93973
19386,30,HR,44124,71990
19387,39,Engineering,44123,75465
19388,47,HR,44124,88275
19389,26,Sales,44124,75913
19390,36,Engineering,44126,63585
19391,57,Sales,44122,87225
19392,65,Customer Support,44122,76893
19393,45,Sales,44126,92997
19394,47,Engineering,44125,65862
19395,63,Engineering,44123,72611
19396,23,Customer Support,44125,69459
19397,62,Engineering,44122,47035
19398,39,HR,44122,58447
19399,29,Sales,44125,76214
19400,53,HR,44123,45223
19401,44,Customer Support,44126,59186
19402,49,Customer Support,44125,43585
19403,59,Sales,44122,72885
19404,40,Engineering,44123,69527
19405,29,Engineering,44123,71019
19406,30,Engineering,44122,50221
19407,39,Sales,44125,64672
19408,50,Engineering,44122,82044
19409,33,Customer Support,44124,38601
19410,46,Engineering,44124,75304
19411,34,Sales,44122,73366
19412,39,Customer Support,44122,52347
19413,50,Engineering,44124,72471
19414,65,Engineering,44123,49530
19415,25,Engineering,44126,74418
19416,67,Engineering,44125,82987
19417,27,Sales,44124,79594
19418,48,HR,44125,84674
19419,44,Engineering,44124,66707
19420,62,Engineering,44125,66716
19421,62,Customer Support,44123,76809
19422,54,Engineering,44126,89126
19423,25,Sales,44125,59090
19424,65,HR,44124,74971
19425,39,Engineering,44126,35000
19426,35,Engineering,44125,66466
19427,24,Engineering,44123,56618
19428,36,Sales,44122,60491
19429,72,Engineering,44124,93470
19430,38,Engineering,44124,103704
19431,33,Engineering,44125,42922
19432,31,Customer Support,44126,71395
19433,39,Customer Support,44125,75056
19434,29,Sales,44124,67735
19435,60,Sales,44123,65738
19436,41,Engineering,44122,61282
19437,40,Customer Support,44122,66376
19438,52,Customer Support,44124,77133
19439,73,Engineering,44123,69499
19440,35,Customer Support,44126,57471
19441,73,Engineering,44124,57448
19442,38,Sales,44126,86003
19443,32,Engineering,44125,67626
19444,67,Engineering,44126,70189
19445,70,Sales,44123,86392
19446,62,Engineering,44122,70048
19447,40,Customer Support,44122,70272
19448,28,Customer Support,44126,53593
19449,66,Customer Support,44125,53790
19450,65,HR,44126,65925
19451,57,Sales,44125,54783
19452,69,Engineering,44125,69769
19453,32,Engineering,44124,44208
19454,60,Engineering,44122,73966
19455,25,Engineering,44126,57177
19456,43,Sales,44123,76050
19457,71,HR,44122,49181
19458,33,Customer Support,44125,82789
19459,34,Sales,44123,70301
19460,50,HR,44123,79543
19461,71,Customer Support,44124,65276
19462,35,Sales,44125,104337
19463,60,Sales,44124,83319
19464,55,Engineering,44124,66557
19465,30,HR,44123,84246
19466,74,Engineering,44123,62834
19467,38,Engineering,44126,80605
19468,48,Customer Support,44126,61334
19469,33,Customer Support,44126,98417
19470,70,Engineering,44124,36513
19471,44,Sales,44123,83570
19472,42,Sales,44122,54181
19473,50,HR,44123,72260
19474,68,Sales,44124,72080
19475,32,Engineering,44125,83600
19476,40,Customer Support,44124,72715
19477,67,Engineering,44126,84629
19478,60,Engineering,44122,74113
19479,37,Customer Support,44126,82517
19480,47,Engineering,44122,80553
19481,33,Sales,44123,81342
19482,73,HR,44124,63048
19483,72,HR,44126,67559
19484,34,Sales,44122,44703
19485,60,Customer Support,44124,81954
19486,61,Sales,44125,71787
19487,69,Sales,44122,63594
19488,56,Sales,44124,90278
19489,67,Customer Support,44125,69664
19490,51,Customer Support,44123,64332
19491,61,HR,44122,67495
19492,29,HR,44124,87855
19493,39,Customer Support,44124,71411
19494,32,Sales,44122,74322
19495,22,Customer Support,44122,70115
19496,44,Sales,44124,68404
19497,36,Sales,44123,64509
19498,74,Sales,44122,86277
19499,54,Sales,44122,87448
19500,58,Sales,44126,111047
19501,23,Sales,44123,77047
19502,35,Sales,44122,35000
19503,36,Customer Support,44125,58370
19504,47,Customer Support,44122,74011
19505,36,Customer Support,44126,92376
19506,69,Sales,44126,80204
19507,36,Sales,44123,88666
19508,33,HR,44122,66184
19509,33,HR,44124,91953
19510,69,HR,44126,82927
19511,73,Engineering,44125,65048
19512,28,HR,44123,68396
19513,28,HR,44123,68191
19514,51,Sales,44123,66160
19515,57,Sales,44126,79660
19516,62,Engineering,44125,69632
19517,24,Customer Support,44126,72103
19518,62,Engineering,44126,59115
19519,31,HR,44126,64278
19520,71,Customer Support,44126,71157
19521,41,Engineering,44122,69162
19522,55,Engineering,44126,69273
19523,45,Customer Support,44125,52053
19524,31,Engineering,44122,67502
19525,55,Engineering,44123,57854
19526,53,Engineering,44124,65639
19527,54,Sales,44125,61751
19528,40,HR,44125,71256
19529,62,Engineering,44123,43622
19530,45,Sales,44123,65036
19531,63,Customer Support,44126,61019
19532,47,Engineering,44124,96179
19533,30,Sales,44123,70924
19534,47,Engineering,44125,74081
19535,24,HR,44122,88190
19536,34,Customer Support,44125,71783
19537,70,Engineering,44122,43711
19538,51,Engineering,44123,62644
19539,36,Sales,44124,46398
19540,36,Customer Support,44122,54068
19541,69,Engineering,44126,77750
19542,31,Engineering,44122,79931
19543,51,Engineering,44125,58016
19544,27,Customer Support,44122,57700
19545,64,Engineering,44125,102409
19546,49,Sales,44124,79693
19547,23,Customer Support,44124,77134
19548,44,Engineering,44123,57689
19549,40,Sales,44124,78905
19550,63,Engineering,44126,49825
19551,38,HR,44124,86931
19552,56,Customer Support,44123,82599
19553,44,Engineering,44124,62857
19554,34,Engineering,44122,69505
19555,50,Engineering,44125,71720
19556,65,Engineering,44125,71351
19557,44,Sales,44122,77987
19558,22,Engineering,44123,84428
19559,67,Engineering,44122,70741
19560,51,Engineering,44123,86749
19561,30,Engineering,44123,78482
19562,33,Sales,44125,69031
19563,57,HR,44126,78704
19564,54,Engineering,44124,72574
19565,45,Sales,44122,64955
19566,25,Sales,44123,65697
19567,37,Sales,44123,69235
19568,23,Engineering,44124,80439
19569,73,Engineering,44123,90579
19570,42,Sales,44124,68167
19571,73,Sales,44125,65483
19572,31,Engineering,44125,68874
19573,22,Engineering,44126,67845
19574,54,Customer Support,44122,80228
19575,65,Customer Support,44123,59719
19576,39,HR,44124,70653
19577,40,Customer Support,44123,78912
19578,42,Customer Support,44125,48925
19579,35,HR,44122,64448
19580,53,Engineering,44123,60010
19581,29,Engineering,44125,70357
19582,70,Customer Support,44124,81399
19583,42,Engineering,44122,96821
19584,59,Sales,44125,46985
19585,28,HR,44126,62787
19586,52,Sales,44122,84695
19587,58,Customer Support,44122,52849
19588,52,Sales,44126,77826
19589,73,Customer Support,44123,83019
19590,50,Customer Support,44126,72640
19591,57,Customer Support,44125,59533
19592,26,Engineering,44123,81013
19593,69,Sales,44122,102193
19594,40,Customer Support,44122,76203
19595,57,Engineering,44124,42036
19596,33,Sales,44126,57890
19597,25,Engineering,44126,68362
19598,44,HR,44122,49291
19599,72,Customer Support,44126,57513
19600,25,HR,44122,52717
19601,74,Customer Support,44123,80060
19602,63,Sales,44122,55994
19603,29,Customer Support,44123,74414
19604,37,Engineering,44122,79330
19605,58,Sales,44125,62848
19606,50,Customer Support,44126,63969
19607,51,Engineering,44122,72350
19608,38,Customer Support,44125,63861
19609,25,Engineering,44123,46721
19610,45,Sales,44124,70150
19611,45,Sales,44126,87302
19612,51,HR,44125,68178
19613,22,Sales,44125,67215
19614,22,Sales,44126,89966
19615,58,Engineering,44122,102448
19616,24,Sales,44123,35000
19617,46,Sales,44126,50617
19618,30,Engineering,44125,54141
19619,30,Customer Support,44122,60047
19620,39,Engineering,44126,54353
19621,32,HR,44125,62486
19622,58,Engineering,44125,72035
19623,39,Sales,44125,89652
19624,70,Sales,44122,35348
19625,57,Engineering,44123,53802
19626,46,Engineering,44122,45886
19627,62,Engineering,44124,68443
19628,36,Engineering,44125,69303
19629,60,Customer Support,44126,58923
19630,56,HR,44124,45072
19631,49,HR,44125,66566
19632,55,Engineering,44122,74206
19633,32,Sales,44122,58201
19634,59,HR,44123,74535
19635,47,Engineering,44123,68278
19636,73,Engineering,44126,68253
19637,25,Engineering,44125,76052
19638,63,Engineering,44123,63395
19639,47,Sales,44126,55156
19640,66,Engineering,44126,77192
19641,29,Engineering,44122,78965
19642,56,Engineering,44122,77654
19643,59,Engineering,44125,86413
19644,59,Customer Support,44124,68633
19645,71,Engineering,44123,96970
19646,25,Engineering,44123,57438
19647,29,Sales,44122,79836
19648,58,Customer Support,44123,63927
19649,56,Customer Support,44122,79912
19650,35,HR,44123,54211
19651,41,HR,44124,65540
19652,30,Engineering,44125,65871
19653,44,Sales,44122,55715
19654,23,Customer Support,44125,45141
19655,46,Customer Support,44123,68530
19656,61,Sales,44124,65329
19657,44,Engineering,44125,56913
19658,64,Sales,44122,70579
19659,50,Sales,44123,93533
19660,28,Engineering,44123,54175
19661,60,Sales,44122,46985
19662,28,Engineering,44124,52343
19663,28,Engineering,44122,75636
19664,50,Sales,44124,80072
19665,37,Engineering,44126,69945
19666,61,Engineering,44123,69499
19667,38,Customer Support,44124,80635
19668,41,Customer Support,44123,74149
19669,72,Sales,44125,62573
19670,58,Sales,44126,68370
19671,57,Customer Support,44122,72441
19672,40,Engineering,44123,93064
19673,33,Engineering,44126,48533
19674,38,Engineering,44122,65811
19675,41,Customer Support,44122,58282
19676,45,Sales,44126,84387
19677,42,Customer Support,44123,67517
19678,32,Customer Support,44125,82188
19679,74,Engineering,44126,63239
19680,26,Engineering,44123,73816
19681,66,Customer Support,44123,45212
19682,72,Engineering,44126,76984
19683,65,Sales,44122,64423
19684,41,Customer Support,44124,96293
19685,73,Customer Support,44124,83324
19686,48,Customer Support,44124,66609
19687,45,Sales,44123,84280
19688,45,Engineering,44122,55815
19689,72,HR,44126,47681
19690,67,Engineering,44126,64446
19691,23,Engineering,44126,74890
19692,40,Sales,44122,65377
19693,53,Sales,44123,83211
19694,26,Engineering,44125,49072
19695,35,Engineering,44123,61346
19696,46,HR,44123,53062
19697,48,Sales,44123,77308
19698,41,Sales,44126,93822
19699,73,Sales,44122,59707
19700,65,HR,44126,77225
19701,39,Engineering,44124,81747
19702,62,Sales,44125,71219
19703,35,Engineering,44123,59109
19704,53,HR,44122,67141
19705,26,Sales,44124,57988
19706,29,Customer Support,44125,79602
19707,72,Sales,44123,70237
19708,22,Engineering,44125,73085
19709,30,Sales,44126,83940
19710,26,Engineering,44125,40281
19711,57,Customer Support,44122,56684
19712,73,HR,44126,78573
19713,40,Sales,44126,79683
19714,52,Engineering,44123,54962
19715,47,Engineering,44123,43742
19716,50,Sales,44122,98283
19717,36,HR,44122,63858
19718,65,Engineering,44126,64441
19719,70,Customer Support,44123,49527
19720,70,Engineering,44125,88310
19721,29,HR,44126,45416
19722,67,Engineering,44126,63418
19723,45,Engineering,44126,70084
19724,46,Sales,44126,92229
19725,51,Sales,44123,67690
19726,63,Customer Support,44126,47268
19727,36,Engineering,44126,64811
19728,53,Sales,44124,83617
19729,37,Customer Support,44125,49314
19730,56,Engineering,44126,82688
19731,36,Sales,44123,54329
19732,48,Engineering,44125,75648
19733,67,HR,44126,73618
19734,39,Customer Support,44125,59601
19735,74,Sales,44126,76662
19736,53,Sales,44122,60528
19737,46,Engineering,44124,56432
19738,71,Sales,44125,87113
19739,48,Engineering,44125,73292
19740,33,Sales,44126,78414
19741,36,Engineering,44126,78144
19742,26,Engineering,44124,72741
19743,53,Sales,44123,56952
19744,27,HR,44122,101793
19745,60,Engineering,44124,57295
19746,70,Engineering,44122,95797
19747,45,HR,44126,71048
19748,54,Customer Support,44123,61059
19749,37,Engineering,44125,78270
19750,24,Engineering,44123,115950
19751,43,Engineering,44124,52543
19752,32,Customer Support,44123,67426
19753,46,Customer Support,44126,68966
19754,32,Engineering,44125,63472
19755,62,Engineering,44122,74490
19756,57,Customer Support,44126,56295
19757,34,Engineering,44126,60490
19758,31,Customer Support,44125,57065
19759,64,Sales,44124,87522
19760,62,Sales,44123,44377
19761,73,Engineering,44122,91548
19762,30,Sales,44126,75111
19763,38,Engineering,44124,44930
19764,51,Sales,44122,69128
19765,24,Sales,44126,72221
19766,39,Customer Support,44126,48501
19767,23,Sales,44125,71457
19768,48,Sales,44125,63839
19769,44,Engineering,44123,93614
19770,59,Sales,44122,44528
19771,34,Sales,44124,74586
19772,51,Customer Support,44122,62919
19773,59,Engineering,44123,81836
19774,57,HR,44124,84731
19775,55,Sales,44125,91861
19776,37,Engineering,44122,68565
19777,51,Sales,44124,46730
19778,49,Sales,44122,71499
19779,72,HR,44122,77975
19780,70,Customer Support,44125,54782
19781,40,Engineering,44124,70815
19782,24,Sales,44123,67021
19783,65,Engineering,44125,75869
19784,41,HR,44122,63723
19785,29,Customer Support,44125,76393
19786,55,Sales,44126,55541
19787,28,HR,44122,59152
19788,56,Sales,44122,45136
19789,63,Sales,44125,53324
19790,25,HR,44125,74544
19791,44,Customer Support,44122,62953
19792,23,Engineering,44123,61370
19793,32,Sales,44122,89934
19794,47,Customer Support,44124,83368
19795,51,Customer Support,44126,35000
19796,52,Sales,44124,64797
19797,56,HR,44125,59337
19798,73,Sales,44122,66020
19799,73,HR,44125,43186
19800,52,Sales,44122,52738
19801,65,Engineering,44125,71254
19802,29,Engineering,44125,84283
19803,31,Customer Support,44123,63621
19804,44,Sales,44124,101399
19805,39,Sales,44123,66351
19806,56,Engineering,44124,53298
19807,30,Customer Support,44122,74203
19808,30,Engineering,44124,94454
19809,29,Customer Support,44126,45523
19810,52,Engineering,44125,83559
19811,47,Engineering,44125,52576
19812,70,Customer Support,44126,54891
19813,36,Customer Support,44123,74065
19814,71,Sales,44124,72269
19815,37,Engineering,44126,91833
19816,48,Customer Support,44126,81227
19817,56,Engineering,44125,76614
19818,70,Sales,44123,63792
19819,29,Engineering,44124,84514
19820,34,Engineering,44125,69536
19821,57,Engineering,44126,49798
19822,48,Engineering,44126,72718
19823,67,Customer Support,44124,50961
19824,33,Engineering,44123,69398
19825,23,Engineering,44126,35000
19826,42,HR,44122,73863
19827,22,HR,44124,91275
19828,47,Engineering,44125,78494
19829,40,Engineering,44126,54407
19830,34,Sales,44126,73087
19831,29,HR,44124,75917
19832,48,Engineering,44126,64403
19833,39,Engineering,44123,82926
19834,22,Sales,44123,54885
19835,52,Sales,44125,92256
19836,43,Customer Support,44124,70966
19837,24,HR,44122,61979
19838,66,Engineering,44122,40746
19839,74,Engineering,44126,72036
19840,59,Engineering,44126,92690
19841,52,Sales,44124,70050
19842,38,Engineering,44126,76473
19843,34,Engineering,44123,64876
19844,38,HR,44124,74142
19845,29,Engineering,44123,73017
19846,32,Engineering,44122,58160
19847,72,HR,44124,66699
19848,64,Engineering,44123,64791
19849,39,HR,44123,103191
19850,68,Engineering,44126,38091
19851,52,Sales,44125,57711
19852,31,Engineering,44123,73940
19853,71,Sales,44123,72683
19854,29,Sales,44122,51736
19855,42,Engineering,44123,69970
19856,45,Engineering,44125,52931
19857,47,Engineering,44124,75472
19858,43,Engineering,44122,63291
19859,28,Sales,44123,104549
19860,45,HR,44123,84201
19861,35,Sales,44126,75632
19862,22,Engineering,44125,76867
19863,51,Engineering,44124,63545
19864,40,Engineering,44126,79580
19865,37,Engineering,44126,71313
19866,32,HR,44123,37075
19867,47,Engineering,44123,78300
19868,44,Engineering,44122,74226
19869,59,Sales,44123,45625
19870,26,Customer Support,44124,79459
19871,45,Sales,44126,80534
19872,25,Customer Support,44123,76088
19873,27,Sales,44123,64890
19874,56,HR,44123,56464
19875,34,Engineering,44124,35000
19876,48,Sales,44126,79054
19877,46,Engineering,44125,54976
19878,30,Sales,44126,69871
19879,59,Engineering,44122,82859
19880,42,Sales,44126,87943
19881,48,Engineering,44123,71023
19882,74,Engineering,44123,42668
19883,26,Sales,44126,62317
19884,37,Engineering,44124,101855
19885,55,Sales,44123,71058
19886,56,Sales,44124,35000
19887,29,Engineering,44125,66643
19888,39,Sales,44124,67987
19889,43,HR,44123,72501
19890,29,Customer Support,44126,84931
19891,35,Sales,44122,101178
19892,46,Engineering,44126,62309
19893,46,Engineering,44125,86207
19894,63,HR,44126,74291
19895,60,Customer Support,44126,87320
19896,52,HR,44126,66574
19897,28,Engineering,44124,84609
19898,46,Engineering,44123,57686
19899,36,Customer Support,44125,100681
19900,25,Sales,44122,59440
19901,49,Sales,44125,66319
19902,65,Sales,44123,57536
19903,66,Customer Support,44124,50451
19904,66,Customer Support,44125,45920
19905,73,Engineering,44126,71034
19906,45,Engineering,44122,86822
19907,50,Engineering,44124,49549
19908,67,Engineering,44125,86386
19909,44,Engineering,44122,61406
19910,51,Customer Support,44125,78880
19911,67,HR,44125,99945
19912,70,Engineering,44126,75179
19913,47,Customer Support,44125,65707
19914,68,Engineering,44126,78609
19915,68,Engineering,44125,65877
19916,31,Engineering,44126,62526
19917,33,Customer Support,44126,50634
19918,44,Engineering,44126,63380
19919,27,Customer Support,44124,88304
19920,25,Engineering,44124,81643
19921,52,Sales,44123,108507
19922,69,Sales,44122,53612
19923,37,HR,44124,69935
19924,68,Sales,44122,80849
19925,29,Engineering,44122,83718
19926,69,Engineering,44123,69704
19927,26,Engineering,44124,106472
19928,67,Engineering,44126,60949
19929,47,Engineering,44125,53730
19930,51,Customer Support,44123,73534
19931,41,Sales,44124,77652
19932,56,Engineering,44123,84990
19933,55,Executive,44125,54769
19934,37,HR,44123,72327
19935,32,Customer Support,44126,83077
19936,39,Engineering,44126,72709
19937,25,Engineering,44125,57392
19938,63,Engineering,44125,73893
19939,64,Engineering,44126,63141
19940,51,Engineering,44122,72888
19941,31,Engineering,44123,55281
19942,66,Engineering,44125,91231
19943,45,Engineering,44123,57526
19944,23,Customer Support,44124,50955
19945,49,Engineering,44123,76669
19946,37,Sales,44122,85785
19947,73,Sales,44125,81804
19948,59,Sales,44123,57110
19949,35,Engineering,44124,85931
19950,69,Engineering,44122,61510
19951,71,Sales,44122,76812
19952,22,Customer Support,44123,66564
19953,33,Sales,44124,80554
19954,23,Engineering,44123,42320
19955,46,Customer Support,44122,86454
19956,24,Engineering,44124,74658
19957,37,Customer Support,44122,76563
19958,68,Engineering,44124,72579
19959,54,Sales,44123,52786
19960,56,Sales,44126,76749
19961,34,Engineering,44125,71964
19962,27,Sales,44124,35000
19963,66,HR,44124,65651
19964,51,Engineering,44126,106035
19965,24,Engineering,44122,37123
19966,63,Sales,44122,59464
19967,58,Customer Support,44124,100786
19968,60,Sales,44123,69518
19969,28,Customer Support,44126,87108
19970,62,Sales,44125,48761
19971,41,Engineering,44123,56685
19972,31,Customer Support,44126,61857
19973,62,Engineering,44123,67323
19974,30,Sales,44122,35000
19975,40,Engineering,44124,94389
19976,62,Sales,44125,80892
19977,50,Sales,44126,94878
19978,44,Sales,44125,59180
19979,38,Sales,44124,103252
19980,22,Engineering,44126,76635
19981,33,Sales,44125,62909
19982,31,Customer Support,44122,94258
19983,73,Engineering,44125,42652
19984,39,Engineering,44122,72384
19985,52,Sales,44124,85635
19986,41,Engineering,44126,60189
19987,53,Engineering,44122,66510
19988,54,Sales,44124,89297
19989,22,HR,44125,92666
19990,33,Engineering,44123,95590
19991,73,Customer Support,44124,81519
19992,71,Engineering,44126,70112
19993,37,Engineering,44124,71373
19994,30,Engineering,44124,97978
19995,23,HR,44125,78413
19996,37,Customer Support,44123,70286
19997,61,Engineering,44124,53590
19998,24,Sales,44124,61299
19999,52,Engineering,44124,77072
